,id,train_seed,test_seed,train_size,test_size,v,target_tree_size,source_tree_size,epochs,decay_factor,alpha_0,test_rmse
0,0.0,1.0,1.0,127.0,424.0,0.03,1.0,1.0,400.0,0.97,1.0,36.64146990664338
1,1.0,1.0,1.0,127.0,424.0,0.03,1.0,1.0,400.0,0.99,1.0,35.19224917676675
2,2.0,1.0,1.0,127.0,424.0,0.03,1.0,1.0,400.0,0.993,1.0,34.912777224630624
3,3.0,1.0,1.0,127.0,424.0,0.03,1.0,1.0,400.0,0.995,1.0,34.81368596204765
4,4.0,1.0,1.0,127.0,424.0,0.03,1.0,1.0,400.0,0.997,1.0,34.649437767342754
5,5.0,1.0,1.0,127.0,424.0,0.03,1.0,1.0,600.0,0.97,1.0,36.51454488269508
6,6.0,1.0,1.0,127.0,424.0,0.03,1.0,1.0,600.0,0.99,1.0,35.078952931175095
7,7.0,1.0,1.0,127.0,424.0,0.03,1.0,1.0,600.0,0.993,1.0,34.925648840392256
8,8.0,1.0,1.0,127.0,424.0,0.03,1.0,1.0,600.0,0.995,1.0,34.91009812865529
9,9.0,1.0,1.0,127.0,424.0,0.03,1.0,1.0,600.0,0.997,1.0,34.99635769337101
10,10.0,1.0,1.0,127.0,424.0,0.03,1.0,2.0,400.0,0.97,1.0,38.48349650345997
11,11.0,1.0,1.0,127.0,424.0,0.03,1.0,2.0,400.0,0.99,1.0,36.36033389755372
12,12.0,1.0,1.0,127.0,424.0,0.03,1.0,2.0,400.0,0.993,1.0,36.27736326431388
13,13.0,1.0,1.0,127.0,424.0,0.03,1.0,2.0,400.0,0.995,1.0,36.216275991533
14,14.0,1.0,1.0,127.0,424.0,0.03,1.0,2.0,400.0,0.997,1.0,36.122405898054154
15,15.0,1.0,1.0,127.0,424.0,0.03,1.0,2.0,600.0,0.97,1.0,37.86437604615331
16,16.0,1.0,1.0,127.0,424.0,0.03,1.0,2.0,600.0,0.99,1.0,36.32258931362789
17,17.0,1.0,1.0,127.0,424.0,0.03,1.0,2.0,600.0,0.993,1.0,36.33320671935819
18,18.0,1.0,1.0,127.0,424.0,0.03,1.0,2.0,600.0,0.995,1.0,36.38203393893789
19,19.0,1.0,1.0,127.0,424.0,0.03,1.0,2.0,600.0,0.997,1.0,36.37141997461877
20,20.0,1.0,1.0,127.0,424.0,0.03,1.0,3.0,400.0,0.97,1.0,47.57200434045882
21,21.0,1.0,1.0,127.0,424.0,0.03,1.0,3.0,400.0,0.99,1.0,36.03514833390852
22,22.0,1.0,1.0,127.0,424.0,0.03,1.0,3.0,400.0,0.993,1.0,36.06171306027394
23,23.0,1.0,1.0,127.0,424.0,0.03,1.0,3.0,400.0,0.995,1.0,36.081632712552896
24,24.0,1.0,1.0,127.0,424.0,0.03,1.0,3.0,400.0,0.997,1.0,36.10550507771471
25,25.0,1.0,1.0,127.0,424.0,0.03,1.0,3.0,600.0,0.97,1.0,47.59547630047836
26,26.0,1.0,1.0,127.0,424.0,0.03,1.0,3.0,600.0,0.99,1.0,35.915766524226356
27,27.0,1.0,1.0,127.0,424.0,0.03,1.0,3.0,600.0,0.993,1.0,35.937744680486624
28,28.0,1.0,1.0,127.0,424.0,0.03,1.0,3.0,600.0,0.995,1.0,36.00270698540839
29,29.0,1.0,1.0,127.0,424.0,0.03,1.0,3.0,600.0,0.997,1.0,36.17029516077987
30,30.0,1.0,1.0,127.0,424.0,0.03,1.0,4.0,400.0,0.97,1.0,44.123280952087285
31,31.0,1.0,1.0,127.0,424.0,0.03,1.0,4.0,400.0,0.99,1.0,36.183781946339685
32,32.0,1.0,1.0,127.0,424.0,0.03,1.0,4.0,400.0,0.993,1.0,35.96305727399765
33,33.0,1.0,1.0,127.0,424.0,0.03,1.0,4.0,400.0,0.995,1.0,36.12245709310023
34,34.0,1.0,1.0,127.0,424.0,0.03,1.0,4.0,400.0,0.997,1.0,35.91623380782731
35,35.0,1.0,1.0,127.0,424.0,0.03,1.0,4.0,600.0,0.97,1.0,44.139822906123435
36,36.0,1.0,1.0,127.0,424.0,0.03,1.0,4.0,600.0,0.99,1.0,36.226614678674565
37,37.0,1.0,1.0,127.0,424.0,0.03,1.0,4.0,600.0,0.993,1.0,35.909870543689195
38,38.0,1.0,1.0,127.0,424.0,0.03,1.0,4.0,600.0,0.995,1.0,36.09906432151219
39,39.0,1.0,1.0,127.0,424.0,0.03,1.0,4.0,600.0,0.997,1.0,35.9559276345732
40,40.0,1.0,1.0,127.0,424.0,0.03,2.0,1.0,400.0,0.97,1.0,36.491814909689154
41,41.0,1.0,1.0,127.0,424.0,0.03,2.0,1.0,400.0,0.99,1.0,35.5426663349659
42,42.0,1.0,1.0,127.0,424.0,0.03,2.0,1.0,400.0,0.993,1.0,35.271388982163415
43,43.0,1.0,1.0,127.0,424.0,0.03,2.0,1.0,400.0,0.995,1.0,34.955029223666415
44,44.0,1.0,1.0,127.0,424.0,0.03,2.0,1.0,400.0,0.997,1.0,34.49477068369481
45,45.0,1.0,1.0,127.0,424.0,0.03,2.0,1.0,600.0,0.97,1.0,36.45806065891444
46,46.0,1.0,1.0,127.0,424.0,0.03,2.0,1.0,600.0,0.99,1.0,35.70105298764996
47,47.0,1.0,1.0,127.0,424.0,0.03,2.0,1.0,600.0,0.993,1.0,35.39574445303211
48,48.0,1.0,1.0,127.0,424.0,0.03,2.0,1.0,600.0,0.995,1.0,35.16578336520037
49,49.0,1.0,1.0,127.0,424.0,0.03,2.0,1.0,600.0,0.997,1.0,34.75299964878807
50,50.0,1.0,1.0,127.0,424.0,0.03,2.0,2.0,400.0,0.97,1.0,37.192074171288304
51,51.0,1.0,1.0,127.0,424.0,0.03,2.0,2.0,400.0,0.99,1.0,35.9087937490762
52,52.0,1.0,1.0,127.0,424.0,0.03,2.0,2.0,400.0,0.993,1.0,35.79123052787523
53,53.0,1.0,1.0,127.0,424.0,0.03,2.0,2.0,400.0,0.995,1.0,35.874419741335196
54,54.0,1.0,1.0,127.0,424.0,0.03,2.0,2.0,400.0,0.997,1.0,35.93515558703073
55,55.0,1.0,1.0,127.0,424.0,0.03,2.0,2.0,600.0,0.97,1.0,37.09748716067966
56,56.0,1.0,1.0,127.0,424.0,0.03,2.0,2.0,600.0,0.99,1.0,36.17145873529497
57,57.0,1.0,1.0,127.0,424.0,0.03,2.0,2.0,600.0,0.993,1.0,36.02188993828606
58,58.0,1.0,1.0,127.0,424.0,0.03,2.0,2.0,600.0,0.995,1.0,36.09511422587124
59,59.0,1.0,1.0,127.0,424.0,0.03,2.0,2.0,600.0,0.997,1.0,36.035296922849064
60,60.0,1.0,1.0,127.0,424.0,0.03,2.0,3.0,400.0,0.97,1.0,36.31713051206384
61,61.0,1.0,1.0,127.0,424.0,0.03,2.0,3.0,400.0,0.99,1.0,36.12001099543974
62,62.0,1.0,1.0,127.0,424.0,0.03,2.0,3.0,400.0,0.993,1.0,35.90630246235177
63,63.0,1.0,1.0,127.0,424.0,0.03,2.0,3.0,400.0,0.995,1.0,35.86386047457679
64,64.0,1.0,1.0,127.0,424.0,0.03,2.0,3.0,400.0,0.997,1.0,35.932615515571435
65,65.0,1.0,1.0,127.0,424.0,0.03,2.0,3.0,600.0,0.97,1.0,36.43991522709774
66,66.0,1.0,1.0,127.0,424.0,0.03,2.0,3.0,600.0,0.99,1.0,36.04331439094355
67,67.0,1.0,1.0,127.0,424.0,0.03,2.0,3.0,600.0,0.993,1.0,36.10543411837012
68,68.0,1.0,1.0,127.0,424.0,0.03,2.0,3.0,600.0,0.995,1.0,36.072338592698586
69,69.0,1.0,1.0,127.0,424.0,0.03,2.0,3.0,600.0,0.997,1.0,35.954595377877446
70,70.0,1.0,1.0,127.0,424.0,0.03,2.0,4.0,400.0,0.97,1.0,44.88152702895077
71,71.0,1.0,1.0,127.0,424.0,0.03,2.0,4.0,400.0,0.99,1.0,36.9686158338183
72,72.0,1.0,1.0,127.0,424.0,0.03,2.0,4.0,400.0,0.993,1.0,36.75284499798415
73,73.0,1.0,1.0,127.0,424.0,0.03,2.0,4.0,400.0,0.995,1.0,36.305067347577555
74,74.0,1.0,1.0,127.0,424.0,0.03,2.0,4.0,400.0,0.997,1.0,36.32901424576663
75,75.0,1.0,1.0,127.0,424.0,0.03,2.0,4.0,600.0,0.97,1.0,45.17987631330335
76,76.0,1.0,1.0,127.0,424.0,0.03,2.0,4.0,600.0,0.99,1.0,37.27966886573393
77,77.0,1.0,1.0,127.0,424.0,0.03,2.0,4.0,600.0,0.993,1.0,37.021532330807986
78,78.0,1.0,1.0,127.0,424.0,0.03,2.0,4.0,600.0,0.995,1.0,36.35326302484434
79,79.0,1.0,1.0,127.0,424.0,0.03,2.0,4.0,600.0,0.997,1.0,36.29304295084295
80,80.0,1.0,1.0,127.0,424.0,0.03,3.0,1.0,400.0,0.97,1.0,36.283389061753816
81,81.0,1.0,1.0,127.0,424.0,0.03,3.0,1.0,400.0,0.99,1.0,35.43007637166356
82,82.0,1.0,1.0,127.0,424.0,0.03,3.0,1.0,400.0,0.993,1.0,35.05746624164272
83,83.0,1.0,1.0,127.0,424.0,0.03,3.0,1.0,400.0,0.995,1.0,34.79063225852027
84,84.0,1.0,1.0,127.0,424.0,0.03,3.0,1.0,400.0,0.997,1.0,34.30583277679253
85,85.0,1.0,1.0,127.0,424.0,0.03,3.0,1.0,600.0,0.97,1.0,36.55587793899248
86,86.0,1.0,1.0,127.0,424.0,0.03,3.0,1.0,600.0,0.99,1.0,35.67626547703193
87,87.0,1.0,1.0,127.0,424.0,0.03,3.0,1.0,600.0,0.993,1.0,35.29908034931273
88,88.0,1.0,1.0,127.0,424.0,0.03,3.0,1.0,600.0,0.995,1.0,34.8855506056332
89,89.0,1.0,1.0,127.0,424.0,0.03,3.0,1.0,600.0,0.997,1.0,34.38172663698129
90,90.0,1.0,1.0,127.0,424.0,0.03,3.0,2.0,400.0,0.97,1.0,37.22570772007882
91,91.0,1.0,1.0,127.0,424.0,0.03,3.0,2.0,400.0,0.99,1.0,36.02741937439977
92,92.0,1.0,1.0,127.0,424.0,0.03,3.0,2.0,400.0,0.993,1.0,35.75832333658324
93,93.0,1.0,1.0,127.0,424.0,0.03,3.0,2.0,400.0,0.995,1.0,35.70335551152951
94,94.0,1.0,1.0,127.0,424.0,0.03,3.0,2.0,400.0,0.997,1.0,35.60982919850527
95,95.0,1.0,1.0,127.0,424.0,0.03,3.0,2.0,600.0,0.97,1.0,37.43062431374928
96,96.0,1.0,1.0,127.0,424.0,0.03,3.0,2.0,600.0,0.99,1.0,36.239523772669145
97,97.0,1.0,1.0,127.0,424.0,0.03,3.0,2.0,600.0,0.993,1.0,35.82163444435812
98,98.0,1.0,1.0,127.0,424.0,0.03,3.0,2.0,600.0,0.995,1.0,35.6767163393312
99,99.0,1.0,1.0,127.0,424.0,0.03,3.0,2.0,600.0,0.997,1.0,35.5962591496252
100,100.0,1.0,1.0,127.0,424.0,0.03,3.0,3.0,400.0,0.97,1.0,36.4588300782144
101,101.0,1.0,1.0,127.0,424.0,0.03,3.0,3.0,400.0,0.99,1.0,35.577611486981866
102,102.0,1.0,1.0,127.0,424.0,0.03,3.0,3.0,400.0,0.993,1.0,35.489627010100904
103,103.0,1.0,1.0,127.0,424.0,0.03,3.0,3.0,400.0,0.995,1.0,35.354352449859235
104,104.0,1.0,1.0,127.0,424.0,0.03,3.0,3.0,400.0,0.997,1.0,35.481705947531005
105,105.0,1.0,1.0,127.0,424.0,0.03,3.0,3.0,600.0,0.97,1.0,36.70735835638914
106,106.0,1.0,1.0,127.0,424.0,0.03,3.0,3.0,600.0,0.99,1.0,35.77790986232656
107,107.0,1.0,1.0,127.0,424.0,0.03,3.0,3.0,600.0,0.993,1.0,35.60816279282869
108,108.0,1.0,1.0,127.0,424.0,0.03,3.0,3.0,600.0,0.995,1.0,35.7591595537419
109,109.0,1.0,1.0,127.0,424.0,0.03,3.0,3.0,600.0,0.997,1.0,35.689577154950136
110,110.0,1.0,1.0,127.0,424.0,0.03,3.0,4.0,400.0,0.97,1.0,44.86658771755297
111,111.0,1.0,1.0,127.0,424.0,0.03,3.0,4.0,400.0,0.99,1.0,36.90105020964659
112,112.0,1.0,1.0,127.0,424.0,0.03,3.0,4.0,400.0,0.993,1.0,36.6757302053189
113,113.0,1.0,1.0,127.0,424.0,0.03,3.0,4.0,400.0,0.995,1.0,36.13522747188462
114,114.0,1.0,1.0,127.0,424.0,0.03,3.0,4.0,400.0,0.997,1.0,36.265233983664714
115,115.0,1.0,1.0,127.0,424.0,0.03,3.0,4.0,600.0,0.97,1.0,41.36135384828459
116,116.0,1.0,1.0,127.0,424.0,0.03,3.0,4.0,600.0,0.99,1.0,37.25625823339596
117,117.0,1.0,1.0,127.0,424.0,0.03,3.0,4.0,600.0,0.993,1.0,37.002090783483354
118,118.0,1.0,1.0,127.0,424.0,0.03,3.0,4.0,600.0,0.995,1.0,36.316811907104096
119,119.0,1.0,1.0,127.0,424.0,0.03,3.0,4.0,600.0,0.997,1.0,36.38824466485746
120,120.0,1.0,1.0,127.0,424.0,0.03,4.0,1.0,400.0,0.97,1.0,36.34737397347073
121,121.0,1.0,1.0,127.0,424.0,0.03,4.0,1.0,400.0,0.99,1.0,35.344984130365795
122,122.0,1.0,1.0,127.0,424.0,0.03,4.0,1.0,400.0,0.993,1.0,35.06632544372885
123,123.0,1.0,1.0,127.0,424.0,0.03,4.0,1.0,400.0,0.995,1.0,34.80719778822684
124,124.0,1.0,1.0,127.0,424.0,0.03,4.0,1.0,400.0,0.997,1.0,34.28836817729084
125,125.0,1.0,1.0,127.0,424.0,0.03,4.0,1.0,600.0,0.97,1.0,36.617895281323406
126,126.0,1.0,1.0,127.0,424.0,0.03,4.0,1.0,600.0,0.99,1.0,35.515631707155826
127,127.0,1.0,1.0,127.0,424.0,0.03,4.0,1.0,600.0,0.993,1.0,35.34689815640706
128,128.0,1.0,1.0,127.0,424.0,0.03,4.0,1.0,600.0,0.995,1.0,34.88917466123619
129,129.0,1.0,1.0,127.0,424.0,0.03,4.0,1.0,600.0,0.997,1.0,34.411083091582086
130,130.0,1.0,1.0,127.0,424.0,0.03,4.0,2.0,400.0,0.97,1.0,37.251784558485994
131,131.0,1.0,1.0,127.0,424.0,0.03,4.0,2.0,400.0,0.99,1.0,35.96461187281036
132,132.0,1.0,1.0,127.0,424.0,0.03,4.0,2.0,400.0,0.993,1.0,35.69817273289214
133,133.0,1.0,1.0,127.0,424.0,0.03,4.0,2.0,400.0,0.995,1.0,35.795361599518614
134,134.0,1.0,1.0,127.0,424.0,0.03,4.0,2.0,400.0,0.997,1.0,35.5877943426451
135,135.0,1.0,1.0,127.0,424.0,0.03,4.0,2.0,600.0,0.97,1.0,37.40174161756031
136,136.0,1.0,1.0,127.0,424.0,0.03,4.0,2.0,600.0,0.99,1.0,36.23896483691154
137,137.0,1.0,1.0,127.0,424.0,0.03,4.0,2.0,600.0,0.993,1.0,35.88477684238329
138,138.0,1.0,1.0,127.0,424.0,0.03,4.0,2.0,600.0,0.995,1.0,35.666632079818
139,139.0,1.0,1.0,127.0,424.0,0.03,4.0,2.0,600.0,0.997,1.0,35.61278664028321
140,140.0,1.0,1.0,127.0,424.0,0.03,4.0,3.0,400.0,0.97,1.0,36.52197330910818
141,141.0,1.0,1.0,127.0,424.0,0.03,4.0,3.0,400.0,0.99,1.0,35.59610613583529
142,142.0,1.0,1.0,127.0,424.0,0.03,4.0,3.0,400.0,0.993,1.0,35.426725602215804
143,143.0,1.0,1.0,127.0,424.0,0.03,4.0,3.0,400.0,0.995,1.0,35.570036816177165
144,144.0,1.0,1.0,127.0,424.0,0.03,4.0,3.0,400.0,0.997,1.0,35.49783849103607
145,145.0,1.0,1.0,127.0,424.0,0.03,4.0,3.0,600.0,0.97,1.0,36.64134423405409
146,146.0,1.0,1.0,127.0,424.0,0.03,4.0,3.0,600.0,0.99,1.0,35.775661926123796
147,147.0,1.0,1.0,127.0,424.0,0.03,4.0,3.0,600.0,0.993,1.0,35.63482340723417
148,148.0,1.0,1.0,127.0,424.0,0.03,4.0,3.0,600.0,0.995,1.0,35.796668839129445
149,149.0,1.0,1.0,127.0,424.0,0.03,4.0,3.0,600.0,0.997,1.0,35.71026553368409
150,150.0,1.0,1.0,127.0,424.0,0.03,4.0,4.0,400.0,0.97,1.0,41.26627974528464
151,151.0,1.0,1.0,127.0,424.0,0.03,4.0,4.0,400.0,0.99,1.0,36.857258189894395
152,152.0,1.0,1.0,127.0,424.0,0.03,4.0,4.0,400.0,0.993,1.0,36.66407914180735
153,153.0,1.0,1.0,127.0,424.0,0.03,4.0,4.0,400.0,0.995,1.0,36.10870973776403
154,154.0,1.0,1.0,127.0,424.0,0.03,4.0,4.0,400.0,0.997,1.0,36.1259078470366
155,155.0,1.0,1.0,127.0,424.0,0.03,4.0,4.0,600.0,0.97,1.0,41.29610961475897
156,156.0,1.0,1.0,127.0,424.0,0.03,4.0,4.0,600.0,0.99,1.0,37.277074500506814
157,157.0,1.0,1.0,127.0,424.0,0.03,4.0,4.0,600.0,0.993,1.0,37.02261822216736
158,158.0,1.0,1.0,127.0,424.0,0.03,4.0,4.0,600.0,0.995,1.0,36.31273656852185
159,159.0,1.0,1.0,127.0,424.0,0.03,4.0,4.0,600.0,0.997,1.0,36.503075303970846
160,160.0,1.0,1.0,317.0,424.0,0.03,1.0,1.0,400.0,0.97,1.0,32.431720437876386
161,161.0,1.0,1.0,317.0,424.0,0.03,1.0,1.0,400.0,0.99,1.0,31.844106572413466
162,162.0,1.0,1.0,317.0,424.0,0.03,1.0,1.0,400.0,0.993,1.0,31.91799485621516
163,163.0,1.0,1.0,317.0,424.0,0.03,1.0,1.0,400.0,0.995,1.0,31.957969196698443
164,164.0,1.0,1.0,317.0,424.0,0.03,1.0,1.0,400.0,0.997,1.0,32.347209113693346
165,165.0,1.0,1.0,317.0,424.0,0.03,1.0,1.0,600.0,0.97,1.0,32.59802156467527
166,166.0,1.0,1.0,317.0,424.0,0.03,1.0,1.0,600.0,0.99,1.0,31.97799920112756
167,167.0,1.0,1.0,317.0,424.0,0.03,1.0,1.0,600.0,0.993,1.0,32.03504355266523
168,168.0,1.0,1.0,317.0,424.0,0.03,1.0,1.0,600.0,0.995,1.0,32.06005615041287
169,169.0,1.0,1.0,317.0,424.0,0.03,1.0,1.0,600.0,0.997,1.0,32.1144341227098
170,170.0,1.0,1.0,317.0,424.0,0.03,1.0,2.0,400.0,0.97,1.0,39.109460527852725
171,171.0,1.0,1.0,317.0,424.0,0.03,1.0,2.0,400.0,0.99,1.0,34.132594423997645
172,172.0,1.0,1.0,317.0,424.0,0.03,1.0,2.0,400.0,0.993,1.0,34.2785032668415
173,173.0,1.0,1.0,317.0,424.0,0.03,1.0,2.0,400.0,0.995,1.0,34.50902735780803
174,174.0,1.0,1.0,317.0,424.0,0.03,1.0,2.0,400.0,0.997,1.0,34.9205851503488
175,175.0,1.0,1.0,317.0,424.0,0.03,1.0,2.0,600.0,0.97,1.0,38.425079015744814
176,176.0,1.0,1.0,317.0,424.0,0.03,1.0,2.0,600.0,0.99,1.0,34.33271382331819
177,177.0,1.0,1.0,317.0,424.0,0.03,1.0,2.0,600.0,0.993,1.0,34.5082949704634
178,178.0,1.0,1.0,317.0,424.0,0.03,1.0,2.0,600.0,0.995,1.0,34.68849278254332
179,179.0,1.0,1.0,317.0,424.0,0.03,1.0,2.0,600.0,0.997,1.0,34.95878074327438
180,180.0,1.0,1.0,317.0,424.0,0.03,1.0,3.0,400.0,0.97,1.0,63.50016707491725
181,181.0,1.0,1.0,317.0,424.0,0.03,1.0,3.0,400.0,0.99,1.0,34.37987630972694
182,182.0,1.0,1.0,317.0,424.0,0.03,1.0,3.0,400.0,0.993,1.0,34.63672434114271
183,183.0,1.0,1.0,317.0,424.0,0.03,1.0,3.0,400.0,0.995,1.0,34.91233007604422
184,184.0,1.0,1.0,317.0,424.0,0.03,1.0,3.0,400.0,0.997,1.0,35.277510092304915
185,185.0,1.0,1.0,317.0,424.0,0.03,1.0,3.0,600.0,0.97,1.0,64.12767288862224
186,186.0,1.0,1.0,317.0,424.0,0.03,1.0,3.0,600.0,0.99,1.0,34.664670246389036
187,187.0,1.0,1.0,317.0,424.0,0.03,1.0,3.0,600.0,0.993,1.0,34.91354966605597
188,188.0,1.0,1.0,317.0,424.0,0.03,1.0,3.0,600.0,0.995,1.0,35.177343143051786
189,189.0,1.0,1.0,317.0,424.0,0.03,1.0,3.0,600.0,0.997,1.0,35.574233145438015
190,190.0,1.0,1.0,317.0,424.0,0.03,1.0,4.0,400.0,0.97,1.0,49.42537912653325
191,191.0,1.0,1.0,317.0,424.0,0.03,1.0,4.0,400.0,0.99,1.0,35.00789616933931
192,192.0,1.0,1.0,317.0,424.0,0.03,1.0,4.0,400.0,0.993,1.0,35.04684935945884
193,193.0,1.0,1.0,317.0,424.0,0.03,1.0,4.0,400.0,0.995,1.0,35.18605348985398
194,194.0,1.0,1.0,317.0,424.0,0.03,1.0,4.0,400.0,0.997,1.0,35.280424806671455
195,195.0,1.0,1.0,317.0,424.0,0.03,1.0,4.0,600.0,0.97,1.0,48.6226971069191
196,196.0,1.0,1.0,317.0,424.0,0.03,1.0,4.0,600.0,0.99,1.0,35.26762812675721
197,197.0,1.0,1.0,317.0,424.0,0.03,1.0,4.0,600.0,0.993,1.0,35.27188493754432
198,198.0,1.0,1.0,317.0,424.0,0.03,1.0,4.0,600.0,0.995,1.0,35.398258109768705
199,199.0,1.0,1.0,317.0,424.0,0.03,1.0,4.0,600.0,0.997,1.0,35.57267987407666
200,200.0,1.0,1.0,317.0,424.0,0.03,2.0,1.0,400.0,0.97,1.0,44.75919997105499
201,201.0,1.0,1.0,317.0,424.0,0.03,2.0,1.0,400.0,0.99,1.0,32.74788739112016
202,202.0,1.0,1.0,317.0,424.0,0.03,2.0,1.0,400.0,0.993,1.0,32.58147425796191
203,203.0,1.0,1.0,317.0,424.0,0.03,2.0,1.0,400.0,0.995,1.0,32.33887477279044
204,204.0,1.0,1.0,317.0,424.0,0.03,2.0,1.0,400.0,0.997,1.0,32.13815791469173
205,205.0,1.0,1.0,317.0,424.0,0.03,2.0,1.0,600.0,0.97,1.0,42.8058784851915
206,206.0,1.0,1.0,317.0,424.0,0.03,2.0,1.0,600.0,0.99,1.0,33.015043821323786
207,207.0,1.0,1.0,317.0,424.0,0.03,2.0,1.0,600.0,0.993,1.0,32.853847657880934
208,208.0,1.0,1.0,317.0,424.0,0.03,2.0,1.0,600.0,0.995,1.0,32.692309346738256
209,209.0,1.0,1.0,317.0,424.0,0.03,2.0,1.0,600.0,0.997,1.0,32.38080322450838
210,210.0,1.0,1.0,317.0,424.0,0.03,2.0,2.0,400.0,0.97,1.0,37.4299626377329
211,211.0,1.0,1.0,317.0,424.0,0.03,2.0,2.0,400.0,0.99,1.0,33.799942699401775
212,212.0,1.0,1.0,317.0,424.0,0.03,2.0,2.0,400.0,0.993,1.0,33.69697811389445
213,213.0,1.0,1.0,317.0,424.0,0.03,2.0,2.0,400.0,0.995,1.0,33.87632687103911
214,214.0,1.0,1.0,317.0,424.0,0.03,2.0,2.0,400.0,0.997,1.0,33.80984902053349
215,215.0,1.0,1.0,317.0,424.0,0.03,2.0,2.0,600.0,0.97,1.0,36.854806753925146
216,216.0,1.0,1.0,317.0,424.0,0.03,2.0,2.0,600.0,0.99,1.0,35.28450529906374
217,217.0,1.0,1.0,317.0,424.0,0.03,2.0,2.0,600.0,0.993,1.0,34.20403989845406
218,218.0,1.0,1.0,317.0,424.0,0.03,2.0,2.0,600.0,0.995,1.0,34.24928211465068
219,219.0,1.0,1.0,317.0,424.0,0.03,2.0,2.0,600.0,0.997,1.0,34.03941860723751
220,220.0,1.0,1.0,317.0,424.0,0.03,2.0,3.0,400.0,0.97,1.0,41.085306585790484
221,221.0,1.0,1.0,317.0,424.0,0.03,2.0,3.0,400.0,0.99,1.0,34.1834226750627
222,222.0,1.0,1.0,317.0,424.0,0.03,2.0,3.0,400.0,0.993,1.0,34.400076202091974
223,223.0,1.0,1.0,317.0,424.0,0.03,2.0,3.0,400.0,0.995,1.0,34.530743721159034
224,224.0,1.0,1.0,317.0,424.0,0.03,2.0,3.0,400.0,0.997,1.0,34.77034241434233
225,225.0,1.0,1.0,317.0,424.0,0.03,2.0,3.0,600.0,0.97,1.0,36.74528320781858
226,226.0,1.0,1.0,317.0,424.0,0.03,2.0,3.0,600.0,0.99,1.0,34.60113436051207
227,227.0,1.0,1.0,317.0,424.0,0.03,2.0,3.0,600.0,0.993,1.0,34.75012144752516
228,228.0,1.0,1.0,317.0,424.0,0.03,2.0,3.0,600.0,0.995,1.0,34.91159005822929
229,229.0,1.0,1.0,317.0,424.0,0.03,2.0,3.0,600.0,0.997,1.0,35.286481431139364
230,230.0,1.0,1.0,317.0,424.0,0.03,2.0,4.0,400.0,0.97,1.0,35.598749597470835
231,231.0,1.0,1.0,317.0,424.0,0.03,2.0,4.0,400.0,0.99,1.0,34.366651146653616
232,232.0,1.0,1.0,317.0,424.0,0.03,2.0,4.0,400.0,0.993,1.0,34.71543186934071
233,233.0,1.0,1.0,317.0,424.0,0.03,2.0,4.0,400.0,0.995,1.0,34.90425243774711
234,234.0,1.0,1.0,317.0,424.0,0.03,2.0,4.0,400.0,0.997,1.0,34.94962297147658
235,235.0,1.0,1.0,317.0,424.0,0.03,2.0,4.0,600.0,0.97,1.0,34.43999153793173
236,236.0,1.0,1.0,317.0,424.0,0.03,2.0,4.0,600.0,0.99,1.0,34.81717273849861
237,237.0,1.0,1.0,317.0,424.0,0.03,2.0,4.0,600.0,0.993,1.0,35.23278757542413
238,238.0,1.0,1.0,317.0,424.0,0.03,2.0,4.0,600.0,0.995,1.0,35.21656437313234
239,239.0,1.0,1.0,317.0,424.0,0.03,2.0,4.0,600.0,0.997,1.0,35.428290678148926
240,240.0,1.0,1.0,317.0,424.0,0.03,3.0,1.0,400.0,0.97,1.0,40.57985668624565
241,241.0,1.0,1.0,317.0,424.0,0.03,3.0,1.0,400.0,0.99,1.0,33.6202555143917
242,242.0,1.0,1.0,317.0,424.0,0.03,3.0,1.0,400.0,0.993,1.0,33.382446975011376
243,243.0,1.0,1.0,317.0,424.0,0.03,3.0,1.0,400.0,0.995,1.0,33.02865808501118
244,244.0,1.0,1.0,317.0,424.0,0.03,3.0,1.0,400.0,0.997,1.0,32.667608585856726
245,245.0,1.0,1.0,317.0,424.0,0.03,3.0,1.0,600.0,0.97,1.0,40.41079722433262
246,246.0,1.0,1.0,317.0,424.0,0.03,3.0,1.0,600.0,0.99,1.0,34.183134762847146
247,247.0,1.0,1.0,317.0,424.0,0.03,3.0,1.0,600.0,0.993,1.0,34.09085697448533
248,248.0,1.0,1.0,317.0,424.0,0.03,3.0,1.0,600.0,0.995,1.0,33.75234743382071
249,249.0,1.0,1.0,317.0,424.0,0.03,3.0,1.0,600.0,0.997,1.0,33.49398536318259
250,250.0,1.0,1.0,317.0,424.0,0.03,3.0,2.0,400.0,0.97,1.0,36.52626790817714
251,251.0,1.0,1.0,317.0,424.0,0.03,3.0,2.0,400.0,0.99,1.0,34.35360647453324
252,252.0,1.0,1.0,317.0,424.0,0.03,3.0,2.0,400.0,0.993,1.0,34.196083545875524
253,253.0,1.0,1.0,317.0,424.0,0.03,3.0,2.0,400.0,0.995,1.0,34.07487366072654
254,254.0,1.0,1.0,317.0,424.0,0.03,3.0,2.0,400.0,0.997,1.0,33.778830295418466
255,255.0,1.0,1.0,317.0,424.0,0.03,3.0,2.0,600.0,0.97,1.0,36.140400406808375
256,256.0,1.0,1.0,317.0,424.0,0.03,3.0,2.0,600.0,0.99,1.0,34.85562112312056
257,257.0,1.0,1.0,317.0,424.0,0.03,3.0,2.0,600.0,0.993,1.0,34.94453594233452
258,258.0,1.0,1.0,317.0,424.0,0.03,3.0,2.0,600.0,0.995,1.0,34.705900738928555
259,259.0,1.0,1.0,317.0,424.0,0.03,3.0,2.0,600.0,0.997,1.0,34.33738067140273
260,260.0,1.0,1.0,317.0,424.0,0.03,3.0,3.0,400.0,0.97,1.0,36.300396409433745
261,261.0,1.0,1.0,317.0,424.0,0.03,3.0,3.0,400.0,0.99,1.0,34.57876372006074
262,262.0,1.0,1.0,317.0,424.0,0.03,3.0,3.0,400.0,0.993,1.0,34.693438598049504
263,263.0,1.0,1.0,317.0,424.0,0.03,3.0,3.0,400.0,0.995,1.0,34.841152526881324
264,264.0,1.0,1.0,317.0,424.0,0.03,3.0,3.0,400.0,0.997,1.0,34.15071076342947
265,265.0,1.0,1.0,317.0,424.0,0.03,3.0,3.0,600.0,0.97,1.0,35.996478432938055
266,266.0,1.0,1.0,317.0,424.0,0.03,3.0,3.0,600.0,0.99,1.0,35.542479556211255
267,267.0,1.0,1.0,317.0,424.0,0.03,3.0,3.0,600.0,0.993,1.0,35.63730111726136
268,268.0,1.0,1.0,317.0,424.0,0.03,3.0,3.0,600.0,0.995,1.0,35.59171453731421
269,269.0,1.0,1.0,317.0,424.0,0.03,3.0,3.0,600.0,0.997,1.0,34.595460146728136
270,270.0,1.0,1.0,317.0,424.0,0.03,3.0,4.0,400.0,0.97,1.0,34.911506451084854
271,271.0,1.0,1.0,317.0,424.0,0.03,3.0,4.0,400.0,0.99,1.0,34.49136352715379
272,272.0,1.0,1.0,317.0,424.0,0.03,3.0,4.0,400.0,0.993,1.0,34.738002945629795
273,273.0,1.0,1.0,317.0,424.0,0.03,3.0,4.0,400.0,0.995,1.0,34.271212811157376
274,274.0,1.0,1.0,317.0,424.0,0.03,3.0,4.0,400.0,0.997,1.0,34.63566635831922
275,275.0,1.0,1.0,317.0,424.0,0.03,3.0,4.0,600.0,0.97,1.0,35.53281676898077
276,276.0,1.0,1.0,317.0,424.0,0.03,3.0,4.0,600.0,0.99,1.0,35.39325732792591
277,277.0,1.0,1.0,317.0,424.0,0.03,3.0,4.0,600.0,0.993,1.0,35.267538027994675
278,278.0,1.0,1.0,317.0,424.0,0.03,3.0,4.0,600.0,0.995,1.0,35.01039390759232
279,279.0,1.0,1.0,317.0,424.0,0.03,3.0,4.0,600.0,0.997,1.0,35.361904093675776
280,280.0,1.0,1.0,317.0,424.0,0.03,4.0,1.0,400.0,0.97,1.0,40.67961619115054
281,281.0,1.0,1.0,317.0,424.0,0.03,4.0,1.0,400.0,0.99,1.0,33.88700625211479
282,282.0,1.0,1.0,317.0,424.0,0.03,4.0,1.0,400.0,0.993,1.0,33.57180875351121
283,283.0,1.0,1.0,317.0,424.0,0.03,4.0,1.0,400.0,0.995,1.0,33.42148598455429
284,284.0,1.0,1.0,317.0,424.0,0.03,4.0,1.0,400.0,0.997,1.0,32.802844615853644
285,285.0,1.0,1.0,317.0,424.0,0.03,4.0,1.0,600.0,0.97,1.0,40.76713629941981
286,286.0,1.0,1.0,317.0,424.0,0.03,4.0,1.0,600.0,0.99,1.0,34.49881198304196
287,287.0,1.0,1.0,317.0,424.0,0.03,4.0,1.0,600.0,0.993,1.0,34.278280862331584
288,288.0,1.0,1.0,317.0,424.0,0.03,4.0,1.0,600.0,0.995,1.0,34.03861167174217
289,289.0,1.0,1.0,317.0,424.0,0.03,4.0,1.0,600.0,0.997,1.0,33.73644660157607
290,290.0,1.0,1.0,317.0,424.0,0.03,4.0,2.0,400.0,0.97,1.0,36.580958689028684
291,291.0,1.0,1.0,317.0,424.0,0.03,4.0,2.0,400.0,0.99,1.0,35.57319057738851
292,292.0,1.0,1.0,317.0,424.0,0.03,4.0,2.0,400.0,0.993,1.0,34.24963030056247
293,293.0,1.0,1.0,317.0,424.0,0.03,4.0,2.0,400.0,0.995,1.0,34.12111098561186
294,294.0,1.0,1.0,317.0,424.0,0.03,4.0,2.0,400.0,0.997,1.0,33.669860628022036
295,295.0,1.0,1.0,317.0,424.0,0.03,4.0,2.0,600.0,0.97,1.0,36.301598956209176
296,296.0,1.0,1.0,317.0,424.0,0.03,4.0,2.0,600.0,0.99,1.0,34.948035857386394
297,297.0,1.0,1.0,317.0,424.0,0.03,4.0,2.0,600.0,0.993,1.0,36.12102295948698
298,298.0,1.0,1.0,317.0,424.0,0.03,4.0,2.0,600.0,0.995,1.0,34.80923243949422
299,299.0,1.0,1.0,317.0,424.0,0.03,4.0,2.0,600.0,0.997,1.0,34.701375622346156
300,300.0,1.0,1.0,317.0,424.0,0.03,4.0,3.0,400.0,0.97,1.0,36.32466025702561
301,301.0,1.0,1.0,317.0,424.0,0.03,4.0,3.0,400.0,0.99,1.0,34.41788856418174
302,302.0,1.0,1.0,317.0,424.0,0.03,4.0,3.0,400.0,0.993,1.0,34.20759100241963
303,303.0,1.0,1.0,317.0,424.0,0.03,4.0,3.0,400.0,0.995,1.0,34.059343512204435
304,304.0,1.0,1.0,317.0,424.0,0.03,4.0,3.0,400.0,0.997,1.0,33.68294932607589
305,305.0,1.0,1.0,317.0,424.0,0.03,4.0,3.0,600.0,0.97,1.0,35.91513830283995
306,306.0,1.0,1.0,317.0,424.0,0.03,4.0,3.0,600.0,0.99,1.0,35.41542737862211
307,307.0,1.0,1.0,317.0,424.0,0.03,4.0,3.0,600.0,0.993,1.0,35.36454765399959
308,308.0,1.0,1.0,317.0,424.0,0.03,4.0,3.0,600.0,0.995,1.0,35.14212273824819
309,309.0,1.0,1.0,317.0,424.0,0.03,4.0,3.0,600.0,0.997,1.0,34.646477137826984
310,310.0,1.0,1.0,317.0,424.0,0.03,4.0,4.0,400.0,0.97,1.0,34.956758182310224
311,311.0,1.0,1.0,317.0,424.0,0.03,4.0,4.0,400.0,0.99,1.0,34.544395839437044
312,312.0,1.0,1.0,317.0,424.0,0.03,4.0,4.0,400.0,0.993,1.0,34.64547358766044
313,313.0,1.0,1.0,317.0,424.0,0.03,4.0,4.0,400.0,0.995,1.0,34.92089305725206
314,314.0,1.0,1.0,317.0,424.0,0.03,4.0,4.0,400.0,0.997,1.0,34.582961901532606
315,315.0,1.0,1.0,317.0,424.0,0.03,4.0,4.0,600.0,0.97,1.0,35.682270296206006
316,316.0,1.0,1.0,317.0,424.0,0.03,4.0,4.0,600.0,0.99,1.0,35.67556263243145
317,317.0,1.0,1.0,317.0,424.0,0.03,4.0,4.0,600.0,0.993,1.0,35.82388799861919
318,318.0,1.0,1.0,317.0,424.0,0.03,4.0,4.0,600.0,0.995,1.0,36.26074643883543
319,319.0,1.0,1.0,317.0,424.0,0.03,4.0,4.0,600.0,0.997,1.0,35.60994576280987
320,320.0,1.0,1.0,635.0,424.0,0.03,1.0,1.0,400.0,0.97,1.0,30.58537979350166
321,321.0,1.0,1.0,635.0,424.0,0.03,1.0,1.0,400.0,0.99,1.0,30.150607823627816
322,322.0,1.0,1.0,635.0,424.0,0.03,1.0,1.0,400.0,0.993,1.0,32.947198069193135
323,323.0,1.0,1.0,635.0,424.0,0.03,1.0,1.0,400.0,0.995,1.0,31.947604745778328
324,324.0,1.0,1.0,635.0,424.0,0.03,1.0,1.0,400.0,0.997,1.0,31.4203903954144
325,325.0,1.0,1.0,635.0,424.0,0.03,1.0,1.0,600.0,0.97,1.0,30.57220083867192
326,326.0,1.0,1.0,635.0,424.0,0.03,1.0,1.0,600.0,0.99,1.0,30.01592165988475
327,327.0,1.0,1.0,635.0,424.0,0.03,1.0,1.0,600.0,0.993,1.0,32.49112058738228
328,328.0,1.0,1.0,635.0,424.0,0.03,1.0,1.0,600.0,0.995,1.0,31.187949693044995
329,329.0,1.0,1.0,635.0,424.0,0.03,1.0,1.0,600.0,0.997,1.0,30.810286403694132
330,330.0,1.0,1.0,635.0,424.0,0.03,1.0,2.0,400.0,0.97,1.0,31.11917965213
331,331.0,1.0,1.0,635.0,424.0,0.03,1.0,2.0,400.0,0.99,1.0,31.92220331515216
332,332.0,1.0,1.0,635.0,424.0,0.03,1.0,2.0,400.0,0.993,1.0,32.62628285064061
333,333.0,1.0,1.0,635.0,424.0,0.03,1.0,2.0,400.0,0.995,1.0,33.03868529591024
334,334.0,1.0,1.0,635.0,424.0,0.03,1.0,2.0,400.0,0.997,1.0,33.22419096573002
335,335.0,1.0,1.0,635.0,424.0,0.03,1.0,2.0,600.0,0.97,1.0,31.19585042811873
336,336.0,1.0,1.0,635.0,424.0,0.03,1.0,2.0,600.0,0.99,1.0,31.884373699505666
337,337.0,1.0,1.0,635.0,424.0,0.03,1.0,2.0,600.0,0.993,1.0,32.23541226295481
338,338.0,1.0,1.0,635.0,424.0,0.03,1.0,2.0,600.0,0.995,1.0,32.92970032939275
339,339.0,1.0,1.0,635.0,424.0,0.03,1.0,2.0,600.0,0.997,1.0,32.939626104173186
340,340.0,1.0,1.0,635.0,424.0,0.03,1.0,3.0,400.0,0.97,1.0,31.430752058204703
341,341.0,1.0,1.0,635.0,424.0,0.03,1.0,3.0,400.0,0.99,1.0,32.26078452989842
342,342.0,1.0,1.0,635.0,424.0,0.03,1.0,3.0,400.0,0.993,1.0,32.181943690822145
343,343.0,1.0,1.0,635.0,424.0,0.03,1.0,3.0,400.0,0.995,1.0,32.137312733338085
344,344.0,1.0,1.0,635.0,424.0,0.03,1.0,3.0,400.0,0.997,1.0,32.30746396298866
345,345.0,1.0,1.0,635.0,424.0,0.03,1.0,3.0,600.0,0.97,1.0,39.40838377736573
346,346.0,1.0,1.0,635.0,424.0,0.03,1.0,3.0,600.0,0.99,1.0,32.35635560330945
347,347.0,1.0,1.0,635.0,424.0,0.03,1.0,3.0,600.0,0.993,1.0,32.35831035991205
348,348.0,1.0,1.0,635.0,424.0,0.03,1.0,3.0,600.0,0.995,1.0,32.2311528537769
349,349.0,1.0,1.0,635.0,424.0,0.03,1.0,3.0,600.0,0.997,1.0,32.277572780130214
350,350.0,1.0,1.0,635.0,424.0,0.03,1.0,4.0,400.0,0.97,1.0,33.1067836108326
351,351.0,1.0,1.0,635.0,424.0,0.03,1.0,4.0,400.0,0.99,1.0,32.282952173406485
352,352.0,1.0,1.0,635.0,424.0,0.03,1.0,4.0,400.0,0.993,1.0,32.95695649567344
353,353.0,1.0,1.0,635.0,424.0,0.03,1.0,4.0,400.0,0.995,1.0,32.65029555008394
354,354.0,1.0,1.0,635.0,424.0,0.03,1.0,4.0,400.0,0.997,1.0,32.912592942816616
355,355.0,1.0,1.0,635.0,424.0,0.03,1.0,4.0,600.0,0.97,1.0,31.547628958328396
356,356.0,1.0,1.0,635.0,424.0,0.03,1.0,4.0,600.0,0.99,1.0,32.4829581608422
357,357.0,1.0,1.0,635.0,424.0,0.03,1.0,4.0,600.0,0.993,1.0,33.1583820432263
358,358.0,1.0,1.0,635.0,424.0,0.03,1.0,4.0,600.0,0.995,1.0,32.79489325772481
359,359.0,1.0,1.0,635.0,424.0,0.03,1.0,4.0,600.0,0.997,1.0,33.00790863989192
360,360.0,1.0,1.0,635.0,424.0,0.03,2.0,1.0,400.0,0.97,1.0,31.135519688009534
361,361.0,1.0,1.0,635.0,424.0,0.03,2.0,1.0,400.0,0.99,1.0,31.249588457466082
362,362.0,1.0,1.0,635.0,424.0,0.03,2.0,1.0,400.0,0.993,1.0,31.885761466296238
363,363.0,1.0,1.0,635.0,424.0,0.03,2.0,1.0,400.0,0.995,1.0,31.207604372946545
364,364.0,1.0,1.0,635.0,424.0,0.03,2.0,1.0,400.0,0.997,1.0,30.9777801884267
365,365.0,1.0,1.0,635.0,424.0,0.03,2.0,1.0,600.0,0.97,1.0,31.39214728895127
366,366.0,1.0,1.0,635.0,424.0,0.03,2.0,1.0,600.0,0.99,1.0,31.40377330946551
367,367.0,1.0,1.0,635.0,424.0,0.03,2.0,1.0,600.0,0.993,1.0,32.90914755224802
368,368.0,1.0,1.0,635.0,424.0,0.03,2.0,1.0,600.0,0.995,1.0,31.883977783664974
369,369.0,1.0,1.0,635.0,424.0,0.03,2.0,1.0,600.0,0.997,1.0,31.150388981421923
370,370.0,1.0,1.0,635.0,424.0,0.03,2.0,2.0,400.0,0.97,1.0,31.756724821542587
371,371.0,1.0,1.0,635.0,424.0,0.03,2.0,2.0,400.0,0.99,1.0,31.737374229863793
372,372.0,1.0,1.0,635.0,424.0,0.03,2.0,2.0,400.0,0.993,1.0,31.303232454187963
373,373.0,1.0,1.0,635.0,424.0,0.03,2.0,2.0,400.0,0.995,1.0,31.5736445753505
374,374.0,1.0,1.0,635.0,424.0,0.03,2.0,2.0,400.0,0.997,1.0,31.38307997308769
375,375.0,1.0,1.0,635.0,424.0,0.03,2.0,2.0,600.0,0.97,1.0,33.10693907644163
376,376.0,1.0,1.0,635.0,424.0,0.03,2.0,2.0,600.0,0.99,1.0,32.20324663387894
377,377.0,1.0,1.0,635.0,424.0,0.03,2.0,2.0,600.0,0.993,1.0,31.665547924932792
378,378.0,1.0,1.0,635.0,424.0,0.03,2.0,2.0,600.0,0.995,1.0,31.83137025963044
379,379.0,1.0,1.0,635.0,424.0,0.03,2.0,2.0,600.0,0.997,1.0,31.64970062780503
380,380.0,1.0,1.0,635.0,424.0,0.03,2.0,3.0,400.0,0.97,1.0,31.7205535405025
381,381.0,1.0,1.0,635.0,424.0,0.03,2.0,3.0,400.0,0.99,1.0,32.35532117929106
382,382.0,1.0,1.0,635.0,424.0,0.03,2.0,3.0,400.0,0.993,1.0,32.2274075273183
383,383.0,1.0,1.0,635.0,424.0,0.03,2.0,3.0,400.0,0.995,1.0,32.03946328395409
384,384.0,1.0,1.0,635.0,424.0,0.03,2.0,3.0,400.0,0.997,1.0,33.03219636113025
385,385.0,1.0,1.0,635.0,424.0,0.03,2.0,3.0,600.0,0.97,1.0,32.33466957563501
386,386.0,1.0,1.0,635.0,424.0,0.03,2.0,3.0,600.0,0.99,1.0,32.65200038038448
387,387.0,1.0,1.0,635.0,424.0,0.03,2.0,3.0,600.0,0.993,1.0,32.78955580094015
388,388.0,1.0,1.0,635.0,424.0,0.03,2.0,3.0,600.0,0.995,1.0,32.67694124478054
389,389.0,1.0,1.0,635.0,424.0,0.03,2.0,3.0,600.0,0.997,1.0,33.34258749058322
390,390.0,1.0,1.0,635.0,424.0,0.03,2.0,4.0,400.0,0.97,1.0,31.70527565307002
391,391.0,1.0,1.0,635.0,424.0,0.03,2.0,4.0,400.0,0.99,1.0,32.59798466801296
392,392.0,1.0,1.0,635.0,424.0,0.03,2.0,4.0,400.0,0.993,1.0,32.93469416259253
393,393.0,1.0,1.0,635.0,424.0,0.03,2.0,4.0,400.0,0.995,1.0,33.22902887752465
394,394.0,1.0,1.0,635.0,424.0,0.03,2.0,4.0,400.0,0.997,1.0,33.22020994091387
395,395.0,1.0,1.0,635.0,424.0,0.03,2.0,4.0,600.0,0.97,1.0,32.92411855609083
396,396.0,1.0,1.0,635.0,424.0,0.03,2.0,4.0,600.0,0.99,1.0,33.11421555836652
397,397.0,1.0,1.0,635.0,424.0,0.03,2.0,4.0,600.0,0.993,1.0,33.31784462101305
398,398.0,1.0,1.0,635.0,424.0,0.03,2.0,4.0,600.0,0.995,1.0,33.72260556905572
399,399.0,1.0,1.0,635.0,424.0,0.03,2.0,4.0,600.0,0.997,1.0,33.573426198463345
400,400.0,1.0,1.0,635.0,424.0,0.03,3.0,1.0,400.0,0.97,1.0,32.205822232405026
401,401.0,1.0,1.0,635.0,424.0,0.03,3.0,1.0,400.0,0.99,1.0,33.73500673290077
402,402.0,1.0,1.0,635.0,424.0,0.03,3.0,1.0,400.0,0.993,1.0,32.391547574080185
403,403.0,1.0,1.0,635.0,424.0,0.03,3.0,1.0,400.0,0.995,1.0,31.530602720648258
404,404.0,1.0,1.0,635.0,424.0,0.03,3.0,1.0,400.0,0.997,1.0,31.119801836336688
405,405.0,1.0,1.0,635.0,424.0,0.03,3.0,1.0,600.0,0.97,1.0,32.447103423301776
406,406.0,1.0,1.0,635.0,424.0,0.03,3.0,1.0,600.0,0.99,1.0,35.41115173570433
407,407.0,1.0,1.0,635.0,424.0,0.03,3.0,1.0,600.0,0.993,1.0,33.77931957397892
408,408.0,1.0,1.0,635.0,424.0,0.03,3.0,1.0,600.0,0.995,1.0,32.7922822440299
409,409.0,1.0,1.0,635.0,424.0,0.03,3.0,1.0,600.0,0.997,1.0,32.080829754951225
410,410.0,1.0,1.0,635.0,424.0,0.03,3.0,2.0,400.0,0.97,1.0,32.38260435947095
411,411.0,1.0,1.0,635.0,424.0,0.03,3.0,2.0,400.0,0.99,1.0,32.64314989643861
412,412.0,1.0,1.0,635.0,424.0,0.03,3.0,2.0,400.0,0.993,1.0,32.044009233231165
413,413.0,1.0,1.0,635.0,424.0,0.03,3.0,2.0,400.0,0.995,1.0,31.857278412040067
414,414.0,1.0,1.0,635.0,424.0,0.03,3.0,2.0,400.0,0.997,1.0,32.34762076559532
415,415.0,1.0,1.0,635.0,424.0,0.03,3.0,2.0,600.0,0.97,1.0,33.08222004014272
416,416.0,1.0,1.0,635.0,424.0,0.03,3.0,2.0,600.0,0.99,1.0,33.672871093872644
417,417.0,1.0,1.0,635.0,424.0,0.03,3.0,2.0,600.0,0.993,1.0,33.23693594972409
418,418.0,1.0,1.0,635.0,424.0,0.03,3.0,2.0,600.0,0.995,1.0,32.75024263466638
419,419.0,1.0,1.0,635.0,424.0,0.03,3.0,2.0,600.0,0.997,1.0,33.17783998161783
420,420.0,1.0,1.0,635.0,424.0,0.03,3.0,3.0,400.0,0.97,1.0,33.067186885252546
421,421.0,1.0,1.0,635.0,424.0,0.03,3.0,3.0,400.0,0.99,1.0,32.49514748746082
422,422.0,1.0,1.0,635.0,424.0,0.03,3.0,3.0,400.0,0.993,1.0,32.03025386954248
423,423.0,1.0,1.0,635.0,424.0,0.03,3.0,3.0,400.0,0.995,1.0,32.03313797557957
424,424.0,1.0,1.0,635.0,424.0,0.03,3.0,3.0,400.0,0.997,1.0,31.948528067874854
425,425.0,1.0,1.0,635.0,424.0,0.03,3.0,3.0,600.0,0.97,1.0,34.45492388125601
426,426.0,1.0,1.0,635.0,424.0,0.03,3.0,3.0,600.0,0.99,1.0,33.108050265586606
427,427.0,1.0,1.0,635.0,424.0,0.03,3.0,3.0,600.0,0.993,1.0,33.29275796088027
428,428.0,1.0,1.0,635.0,424.0,0.03,3.0,3.0,600.0,0.995,1.0,32.72614153325951
429,429.0,1.0,1.0,635.0,424.0,0.03,3.0,3.0,600.0,0.997,1.0,32.64587152962904
430,430.0,1.0,1.0,635.0,424.0,0.03,3.0,4.0,400.0,0.97,1.0,33.39367704334963
431,431.0,1.0,1.0,635.0,424.0,0.03,3.0,4.0,400.0,0.99,1.0,31.825690415485518
432,432.0,1.0,1.0,635.0,424.0,0.03,3.0,4.0,400.0,0.993,1.0,32.659167688542624
433,433.0,1.0,1.0,635.0,424.0,0.03,3.0,4.0,400.0,0.995,1.0,30.71922343756797
434,434.0,1.0,1.0,635.0,424.0,0.03,3.0,4.0,400.0,0.997,1.0,31.792535319664072
435,435.0,1.0,1.0,635.0,424.0,0.03,3.0,4.0,600.0,0.97,1.0,33.62951848564146
436,436.0,1.0,1.0,635.0,424.0,0.03,3.0,4.0,600.0,0.99,1.0,32.62829384356588
437,437.0,1.0,1.0,635.0,424.0,0.03,3.0,4.0,600.0,0.993,1.0,33.21036973354932
438,438.0,1.0,1.0,635.0,424.0,0.03,3.0,4.0,600.0,0.995,1.0,31.671832469157497
439,439.0,1.0,1.0,635.0,424.0,0.03,3.0,4.0,600.0,0.997,1.0,32.5973121333498
440,440.0,1.0,1.0,635.0,424.0,0.03,4.0,1.0,400.0,0.97,1.0,32.62030542328015
441,441.0,1.0,1.0,635.0,424.0,0.03,4.0,1.0,400.0,0.99,1.0,35.06807609098818
442,442.0,1.0,1.0,635.0,424.0,0.03,4.0,1.0,400.0,0.993,1.0,33.75190959414071
443,443.0,1.0,1.0,635.0,424.0,0.03,4.0,1.0,400.0,0.995,1.0,32.733913585860314
444,444.0,1.0,1.0,635.0,424.0,0.03,4.0,1.0,400.0,0.997,1.0,31.207271575727354
445,445.0,1.0,1.0,635.0,424.0,0.03,4.0,1.0,600.0,0.97,1.0,33.03988324972528
446,446.0,1.0,1.0,635.0,424.0,0.03,4.0,1.0,600.0,0.99,1.0,36.19725957832422
447,447.0,1.0,1.0,635.0,424.0,0.03,4.0,1.0,600.0,0.993,1.0,35.096881111055524
448,448.0,1.0,1.0,635.0,424.0,0.03,4.0,1.0,600.0,0.995,1.0,34.098410684962076
449,449.0,1.0,1.0,635.0,424.0,0.03,4.0,1.0,600.0,0.997,1.0,32.00479851657677
450,450.0,1.0,1.0,635.0,424.0,0.03,4.0,2.0,400.0,0.97,1.0,32.72817755676672
451,451.0,1.0,1.0,635.0,424.0,0.03,4.0,2.0,400.0,0.99,1.0,32.48821377636503
452,452.0,1.0,1.0,635.0,424.0,0.03,4.0,2.0,400.0,0.993,1.0,32.9946017408487
453,453.0,1.0,1.0,635.0,424.0,0.03,4.0,2.0,400.0,0.995,1.0,32.35674768032162
454,454.0,1.0,1.0,635.0,424.0,0.03,4.0,2.0,400.0,0.997,1.0,31.745524106602822
455,455.0,1.0,1.0,635.0,424.0,0.03,4.0,2.0,600.0,0.97,1.0,33.49570366909727
456,456.0,1.0,1.0,635.0,424.0,0.03,4.0,2.0,600.0,0.99,1.0,33.54235559791292
457,457.0,1.0,1.0,635.0,424.0,0.03,4.0,2.0,600.0,0.993,1.0,33.8981863114696
458,458.0,1.0,1.0,635.0,424.0,0.03,4.0,2.0,600.0,0.995,1.0,33.18044733445338
459,459.0,1.0,1.0,635.0,424.0,0.03,4.0,2.0,600.0,0.997,1.0,32.421887927822226
460,460.0,1.0,1.0,635.0,424.0,0.03,4.0,3.0,400.0,0.97,1.0,32.50852474466768
461,461.0,1.0,1.0,635.0,424.0,0.03,4.0,3.0,400.0,0.99,1.0,33.20295971758192
462,462.0,1.0,1.0,635.0,424.0,0.03,4.0,3.0,400.0,0.993,1.0,32.729652421364285
463,463.0,1.0,1.0,635.0,424.0,0.03,4.0,3.0,400.0,0.995,1.0,32.19476059725314
464,464.0,1.0,1.0,635.0,424.0,0.03,4.0,3.0,400.0,0.997,1.0,31.94644321648765
465,465.0,1.0,1.0,635.0,424.0,0.03,4.0,3.0,600.0,0.97,1.0,32.89986392305542
466,466.0,1.0,1.0,635.0,424.0,0.03,4.0,3.0,600.0,0.99,1.0,33.76339385568318
467,467.0,1.0,1.0,635.0,424.0,0.03,4.0,3.0,600.0,0.993,1.0,33.37951893846113
468,468.0,1.0,1.0,635.0,424.0,0.03,4.0,3.0,600.0,0.995,1.0,33.02002953244487
469,469.0,1.0,1.0,635.0,424.0,0.03,4.0,3.0,600.0,0.997,1.0,32.75412642194395
470,470.0,1.0,1.0,635.0,424.0,0.03,4.0,4.0,400.0,0.97,1.0,33.14721095182652
471,471.0,1.0,1.0,635.0,424.0,0.03,4.0,4.0,400.0,0.99,1.0,32.58683871934954
472,472.0,1.0,1.0,635.0,424.0,0.03,4.0,4.0,400.0,0.993,1.0,32.739300006348124
473,473.0,1.0,1.0,635.0,424.0,0.03,4.0,4.0,400.0,0.995,1.0,32.81735219536627
474,474.0,1.0,1.0,635.0,424.0,0.03,4.0,4.0,400.0,0.997,1.0,32.35480334884907
475,475.0,1.0,1.0,635.0,424.0,0.03,4.0,4.0,600.0,0.97,1.0,33.31713015170379
476,476.0,1.0,1.0,635.0,424.0,0.03,4.0,4.0,600.0,0.99,1.0,33.08418093999706
477,477.0,1.0,1.0,635.0,424.0,0.03,4.0,4.0,600.0,0.993,1.0,33.53598934780529
478,478.0,1.0,1.0,635.0,424.0,0.03,4.0,4.0,600.0,0.995,1.0,33.52670464503292
479,479.0,1.0,1.0,635.0,424.0,0.03,4.0,4.0,600.0,0.997,1.0,33.03186743272379
480,480.0,1.0,1.0,953.0,424.0,0.03,1.0,1.0,400.0,0.97,1.0,30.063113409036703
481,481.0,1.0,1.0,953.0,424.0,0.03,1.0,1.0,400.0,0.99,1.0,29.707053705133745
482,482.0,1.0,1.0,953.0,424.0,0.03,1.0,1.0,400.0,0.993,1.0,29.9075684849163
483,483.0,1.0,1.0,953.0,424.0,0.03,1.0,1.0,400.0,0.995,1.0,30.107966596113158
484,484.0,1.0,1.0,953.0,424.0,0.03,1.0,1.0,400.0,0.997,1.0,30.57331231372669
485,485.0,1.0,1.0,953.0,424.0,0.03,1.0,1.0,600.0,0.97,1.0,29.932006155415028
486,486.0,1.0,1.0,953.0,424.0,0.03,1.0,1.0,600.0,0.99,1.0,29.272769687367735
487,487.0,1.0,1.0,953.0,424.0,0.03,1.0,1.0,600.0,0.993,1.0,29.325130937889526
488,488.0,1.0,1.0,953.0,424.0,0.03,1.0,1.0,600.0,0.995,1.0,29.340327672964776
489,489.0,1.0,1.0,953.0,424.0,0.03,1.0,1.0,600.0,0.997,1.0,29.549945806609273
490,490.0,1.0,1.0,953.0,424.0,0.03,1.0,2.0,400.0,0.97,1.0,30.301059657611866
491,491.0,1.0,1.0,953.0,424.0,0.03,1.0,2.0,400.0,0.99,1.0,30.890891652527376
492,492.0,1.0,1.0,953.0,424.0,0.03,1.0,2.0,400.0,0.993,1.0,31.106128689198112
493,493.0,1.0,1.0,953.0,424.0,0.03,1.0,2.0,400.0,0.995,1.0,31.37627501699575
494,494.0,1.0,1.0,953.0,424.0,0.03,1.0,2.0,400.0,0.997,1.0,31.97533501482654
495,495.0,1.0,1.0,953.0,424.0,0.03,1.0,2.0,600.0,0.97,1.0,30.115150164467046
496,496.0,1.0,1.0,953.0,424.0,0.03,1.0,2.0,600.0,0.99,1.0,30.706419958688674
497,497.0,1.0,1.0,953.0,424.0,0.03,1.0,2.0,600.0,0.993,1.0,30.870850878027262
498,498.0,1.0,1.0,953.0,424.0,0.03,1.0,2.0,600.0,0.995,1.0,31.064580013166378
499,499.0,1.0,1.0,953.0,424.0,0.03,1.0,2.0,600.0,0.997,1.0,31.410294074733823
500,500.0,1.0,1.0,953.0,424.0,0.03,1.0,3.0,400.0,0.97,1.0,36.54628139372352
501,501.0,1.0,1.0,953.0,424.0,0.03,1.0,3.0,400.0,0.99,1.0,31.87097440939105
502,502.0,1.0,1.0,953.0,424.0,0.03,1.0,3.0,400.0,0.993,1.0,32.287510243768004
503,503.0,1.0,1.0,953.0,424.0,0.03,1.0,3.0,400.0,0.995,1.0,32.558316447464875
504,504.0,1.0,1.0,953.0,424.0,0.03,1.0,3.0,400.0,0.997,1.0,33.281027436769406
505,505.0,1.0,1.0,953.0,424.0,0.03,1.0,3.0,600.0,0.97,1.0,33.677681442380184
506,506.0,1.0,1.0,953.0,424.0,0.03,1.0,3.0,600.0,0.99,1.0,31.739927259688148
507,507.0,1.0,1.0,953.0,424.0,0.03,1.0,3.0,600.0,0.993,1.0,32.14255096136003
508,508.0,1.0,1.0,953.0,424.0,0.03,1.0,3.0,600.0,0.995,1.0,32.34877854476837
509,509.0,1.0,1.0,953.0,424.0,0.03,1.0,3.0,600.0,0.997,1.0,33.00678342188416
510,510.0,1.0,1.0,953.0,424.0,0.03,1.0,4.0,400.0,0.97,1.0,33.86522484875798
511,511.0,1.0,1.0,953.0,424.0,0.03,1.0,4.0,400.0,0.99,1.0,32.07812144014646
512,512.0,1.0,1.0,953.0,424.0,0.03,1.0,4.0,400.0,0.993,1.0,32.44225112191525
513,513.0,1.0,1.0,953.0,424.0,0.03,1.0,4.0,400.0,0.995,1.0,32.71488374445809
514,514.0,1.0,1.0,953.0,424.0,0.03,1.0,4.0,400.0,0.997,1.0,33.164541924166244
515,515.0,1.0,1.0,953.0,424.0,0.03,1.0,4.0,600.0,0.97,1.0,31.160107083349445
516,516.0,1.0,1.0,953.0,424.0,0.03,1.0,4.0,600.0,0.99,1.0,31.9469648235673
517,517.0,1.0,1.0,953.0,424.0,0.03,1.0,4.0,600.0,0.993,1.0,32.43601496348364
518,518.0,1.0,1.0,953.0,424.0,0.03,1.0,4.0,600.0,0.995,1.0,32.60222710720065
519,519.0,1.0,1.0,953.0,424.0,0.03,1.0,4.0,600.0,0.997,1.0,32.993620687407514
520,520.0,1.0,1.0,953.0,424.0,0.03,2.0,1.0,400.0,0.97,1.0,30.20617934986912
521,521.0,1.0,1.0,953.0,424.0,0.03,2.0,1.0,400.0,0.99,1.0,29.81508926065904
522,522.0,1.0,1.0,953.0,424.0,0.03,2.0,1.0,400.0,0.993,1.0,29.688277008478835
523,523.0,1.0,1.0,953.0,424.0,0.03,2.0,1.0,400.0,0.995,1.0,29.69576916824095
524,524.0,1.0,1.0,953.0,424.0,0.03,2.0,1.0,400.0,0.997,1.0,29.587635097601794
525,525.0,1.0,1.0,953.0,424.0,0.03,2.0,1.0,600.0,0.97,1.0,30.18894952700705
526,526.0,1.0,1.0,953.0,424.0,0.03,2.0,1.0,600.0,0.99,1.0,29.89802682770361
527,527.0,1.0,1.0,953.0,424.0,0.03,2.0,1.0,600.0,0.993,1.0,29.659569997551063
528,528.0,1.0,1.0,953.0,424.0,0.03,2.0,1.0,600.0,0.995,1.0,29.57209145318642
529,529.0,1.0,1.0,953.0,424.0,0.03,2.0,1.0,600.0,0.997,1.0,29.329114159434102
530,530.0,1.0,1.0,953.0,424.0,0.03,2.0,2.0,400.0,0.97,1.0,29.79516861485284
531,531.0,1.0,1.0,953.0,424.0,0.03,2.0,2.0,400.0,0.99,1.0,30.294591077403236
532,532.0,1.0,1.0,953.0,424.0,0.03,2.0,2.0,400.0,0.993,1.0,30.6254295928743
533,533.0,1.0,1.0,953.0,424.0,0.03,2.0,2.0,400.0,0.995,1.0,30.914163505030054
534,534.0,1.0,1.0,953.0,424.0,0.03,2.0,2.0,400.0,0.997,1.0,31.467385763861618
535,535.0,1.0,1.0,953.0,424.0,0.03,2.0,2.0,600.0,0.97,1.0,29.886619686090935
536,536.0,1.0,1.0,953.0,424.0,0.03,2.0,2.0,600.0,0.99,1.0,30.39170418452957
537,537.0,1.0,1.0,953.0,424.0,0.03,2.0,2.0,600.0,0.993,1.0,30.70212012300908
538,538.0,1.0,1.0,953.0,424.0,0.03,2.0,2.0,600.0,0.995,1.0,30.79259870048657
539,539.0,1.0,1.0,953.0,424.0,0.03,2.0,2.0,600.0,0.997,1.0,31.299519190153255
540,540.0,1.0,1.0,953.0,424.0,0.03,2.0,3.0,400.0,0.97,1.0,30.190913990005164
541,541.0,1.0,1.0,953.0,424.0,0.03,2.0,3.0,400.0,0.99,1.0,31.330420175502855
542,542.0,1.0,1.0,953.0,424.0,0.03,2.0,3.0,400.0,0.993,1.0,31.67688331085656
543,543.0,1.0,1.0,953.0,424.0,0.03,2.0,3.0,400.0,0.995,1.0,32.324089166520544
544,544.0,1.0,1.0,953.0,424.0,0.03,2.0,3.0,400.0,0.997,1.0,33.07920429941434
545,545.0,1.0,1.0,953.0,424.0,0.03,2.0,3.0,600.0,0.97,1.0,30.36530265356697
546,546.0,1.0,1.0,953.0,424.0,0.03,2.0,3.0,600.0,0.99,1.0,32.36862760529541
547,547.0,1.0,1.0,953.0,424.0,0.03,2.0,3.0,600.0,0.993,1.0,32.56877029793499
548,548.0,1.0,1.0,953.0,424.0,0.03,2.0,3.0,600.0,0.995,1.0,32.247592125360605
549,549.0,1.0,1.0,953.0,424.0,0.03,2.0,3.0,600.0,0.997,1.0,33.255001079234766
550,550.0,1.0,1.0,953.0,424.0,0.03,2.0,4.0,400.0,0.97,1.0,30.703461461472486
551,551.0,1.0,1.0,953.0,424.0,0.03,2.0,4.0,400.0,0.99,1.0,31.80619066700153
552,552.0,1.0,1.0,953.0,424.0,0.03,2.0,4.0,400.0,0.993,1.0,32.7869643506566
553,553.0,1.0,1.0,953.0,424.0,0.03,2.0,4.0,400.0,0.995,1.0,32.35375834801944
554,554.0,1.0,1.0,953.0,424.0,0.03,2.0,4.0,400.0,0.997,1.0,32.28992235338617
555,555.0,1.0,1.0,953.0,424.0,0.03,2.0,4.0,600.0,0.97,1.0,31.55981006651635
556,556.0,1.0,1.0,953.0,424.0,0.03,2.0,4.0,600.0,0.99,1.0,32.02044276809173
557,557.0,1.0,1.0,953.0,424.0,0.03,2.0,4.0,600.0,0.993,1.0,33.21161825683031
558,558.0,1.0,1.0,953.0,424.0,0.03,2.0,4.0,600.0,0.995,1.0,32.46307145273442
559,559.0,1.0,1.0,953.0,424.0,0.03,2.0,4.0,600.0,0.997,1.0,32.22176154624288
560,560.0,1.0,1.0,953.0,424.0,0.03,3.0,1.0,400.0,0.97,1.0,30.276122882650515
561,561.0,1.0,1.0,953.0,424.0,0.03,3.0,1.0,400.0,0.99,1.0,29.795209569578212
562,562.0,1.0,1.0,953.0,424.0,0.03,3.0,1.0,400.0,0.993,1.0,29.56750518569812
563,563.0,1.0,1.0,953.0,424.0,0.03,3.0,1.0,400.0,0.995,1.0,29.507174705027655
564,564.0,1.0,1.0,953.0,424.0,0.03,3.0,1.0,400.0,0.997,1.0,29.64790877223452
565,565.0,1.0,1.0,953.0,424.0,0.03,3.0,1.0,600.0,0.97,1.0,30.292661238006524
566,566.0,1.0,1.0,953.0,424.0,0.03,3.0,1.0,600.0,0.99,1.0,29.91406222350573
567,567.0,1.0,1.0,953.0,424.0,0.03,3.0,1.0,600.0,0.993,1.0,29.859146519152816
568,568.0,1.0,1.0,953.0,424.0,0.03,3.0,1.0,600.0,0.995,1.0,29.810827536160325
569,569.0,1.0,1.0,953.0,424.0,0.03,3.0,1.0,600.0,0.997,1.0,29.704299185378158
570,570.0,1.0,1.0,953.0,424.0,0.03,3.0,2.0,400.0,0.97,1.0,29.73955201175976
571,571.0,1.0,1.0,953.0,424.0,0.03,3.0,2.0,400.0,0.99,1.0,29.97379491081259
572,572.0,1.0,1.0,953.0,424.0,0.03,3.0,2.0,400.0,0.993,1.0,30.041387350720473
573,573.0,1.0,1.0,953.0,424.0,0.03,3.0,2.0,400.0,0.995,1.0,29.994687156093324
574,574.0,1.0,1.0,953.0,424.0,0.03,3.0,2.0,400.0,0.997,1.0,30.118153366909567
575,575.0,1.0,1.0,953.0,424.0,0.03,3.0,2.0,600.0,0.97,1.0,29.80395890089876
576,576.0,1.0,1.0,953.0,424.0,0.03,3.0,2.0,600.0,0.99,1.0,30.09223356196662
577,577.0,1.0,1.0,953.0,424.0,0.03,3.0,2.0,600.0,0.993,1.0,30.102159931002102
578,578.0,1.0,1.0,953.0,424.0,0.03,3.0,2.0,600.0,0.995,1.0,30.224475148601073
579,579.0,1.0,1.0,953.0,424.0,0.03,3.0,2.0,600.0,0.997,1.0,30.17727512772376
580,580.0,1.0,1.0,953.0,424.0,0.03,3.0,3.0,400.0,0.97,1.0,32.5630474831678
581,581.0,1.0,1.0,953.0,424.0,0.03,3.0,3.0,400.0,0.99,1.0,31.206782330087083
582,582.0,1.0,1.0,953.0,424.0,0.03,3.0,3.0,400.0,0.993,1.0,31.326545743184845
