,id,train_seed,test_seed,train_size,test_size,v,tree_size,epochs,test_rmse,setting_id,rank,total_rank
775,853.0,1.0,1.0,1258.0,424.0,0.01,4.0,400.0,30.0446804479741,86,8,76
580,661.0,1.0,1.0,953.0,424.0,0.01,4.0,400.0,30.03472530534331,86,5,76
217,277.0,1.0,1.0,317.0,424.0,0.01,4.0,400.0,33.90968136146814,86,26,76
413,469.0,1.0,1.0,635.0,424.0,0.01,4.0,400.0,31.662298124384535,86,30,76
6,85.0,1.0,1.0,127.0,424.0,0.01,4.0,400.0,40.16811670255483,86,7,76
582,638.0,1.0,1.0,953.0,424.0,0.007,4.0,600.0,30.04531356141321,63,7,85
771,830.0,1.0,1.0,1258.0,424.0,0.007,4.0,600.0,29.989412920844536,63,4,85
9,62.0,1.0,1.0,127.0,424.0,0.007,4.0,600.0,40.1973823282263,63,10,85
412,446.0,1.0,1.0,635.0,424.0,0.007,4.0,600.0,31.64145040054254,63,29,85
226,254.0,1.0,1.0,317.0,424.0,0.007,4.0,600.0,33.962006232373184,63,35,85
4,39.0,1.0,1.0,127.0,424.0,0.005,4.0,800.0,40.15369290277374,40,5,86
417,423.0,1.0,1.0,635.0,424.0,0.005,4.0,800.0,31.69557951751255,40,34,86
589,615.0,1.0,1.0,953.0,424.0,0.005,4.0,800.0,30.082846173947427,40,14,86
599,634.0,1.0,1.0,953.0,424.0,0.007,3.0,600.0,30.25692379278193,59,24,86
773,807.0,1.0,1.0,1258.0,424.0,0.005,4.0,800.0,29.999494955992,40,6,86
791,826.0,1.0,1.0,1258.0,424.0,0.007,3.0,600.0,30.187127395046296,59,24,86
396,442.0,1.0,1.0,635.0,424.0,0.007,3.0,600.0,31.33934487261281,59,13,86
210,250.0,1.0,1.0,317.0,424.0,0.007,3.0,600.0,33.818172394714814,59,19,86
5,58.0,1.0,1.0,127.0,424.0,0.007,3.0,600.0,40.157614065048605,59,6,86
218,231.0,1.0,1.0,317.0,424.0,0.005,4.0,800.0,33.909954863577866,40,27,86
0,35.0,1.0,1.0,127.0,424.0,0.005,3.0,800.0,40.09802918047724,36,1,91
797,803.0,1.0,1.0,1258.0,424.0,0.005,3.0,800.0,30.216457543796743,36,30,91
207,227.0,1.0,1.0,317.0,424.0,0.005,3.0,800.0,33.79139314980814,36,16,91
400,419.0,1.0,1.0,635.0,424.0,0.005,3.0,800.0,31.40642858814386,36,17,91
602,611.0,1.0,1.0,953.0,424.0,0.005,3.0,800.0,30.30830285217773,36,27,91
206,273.0,1.0,1.0,317.0,424.0,0.01,3.0,400.0,33.7892025609092,82,15,98
402,465.0,1.0,1.0,635.0,424.0,0.01,3.0,400.0,31.413879427265943,82,19,98
604,657.0,1.0,1.0,953.0,424.0,0.01,3.0,400.0,30.31171496279465,82,29,98
800,849.0,1.0,1.0,1258.0,424.0,0.01,3.0,400.0,30.22904983774013,82,33,98
1,81.0,1.0,1.0,127.0,424.0,0.01,3.0,400.0,40.135932450916926,82,2,98
787,827.0,1.0,1.0,1258.0,424.0,0.007,3.0,800.0,30.150605438255923,60,20,114
583,635.0,1.0,1.0,953.0,424.0,0.007,3.0,800.0,30.058911260762773,60,8,114
24,59.0,1.0,1.0,127.0,424.0,0.007,3.0,800.0,40.44922477766373,60,25,114
238,251.0,1.0,1.0,317.0,424.0,0.007,3.0,800.0,34.15589656609833,60,47,114
397,443.0,1.0,1.0,635.0,424.0,0.007,3.0,800.0,31.346665602576294,60,14,114
248,255.0,1.0,1.0,317.0,424.0,0.007,4.0,800.0,34.4284954687951,64,57,124
770,831.0,1.0,1.0,1258.0,424.0,0.007,4.0,800.0,29.87369615342546,64,3,124
581,639.0,1.0,1.0,953.0,424.0,0.007,4.0,800.0,30.041228429103136,64,6,124
419,447.0,1.0,1.0,635.0,424.0,0.007,4.0,800.0,31.7189773399626,64,36,124
21,63.0,1.0,1.0,127.0,424.0,0.007,4.0,800.0,40.42804484511094,64,22,124
794,850.0,1.0,1.0,1258.0,424.0,0.01,3.0,600.0,30.206192456861352,83,27,129
798,872.0,1.0,1.0,1258.0,424.0,0.03,3.0,200.0,30.226357193475486,105,31,129
27,82.0,1.0,1.0,127.0,424.0,0.01,3.0,600.0,40.49688841232936,83,28,129
392,488.0,1.0,1.0,635.0,424.0,0.03,3.0,200.0,31.306308904193436,105,9,129
33,104.0,1.0,1.0,127.0,424.0,0.03,3.0,200.0,40.57170675726511,105,34,129
401,466.0,1.0,1.0,635.0,424.0,0.01,3.0,600.0,31.412098575878936,83,18,129
244,274.0,1.0,1.0,317.0,424.0,0.01,3.0,600.0,34.220498057568925,83,53,129
242,296.0,1.0,1.0,317.0,424.0,0.03,3.0,200.0,34.187383423338645,105,51,129
578,658.0,1.0,1.0,953.0,424.0,0.01,3.0,600.0,30.00552250811594,83,3,129
579,680.0,1.0,1.0,953.0,424.0,0.03,3.0,200.0,30.019906650489474,105,4,129
257,278.0,1.0,1.0,317.0,424.0,0.01,4.0,600.0,34.51041327532391,87,66,136
28,86.0,1.0,1.0,127.0,424.0,0.01,4.0,600.0,40.514048111093366,87,29,136
577,662.0,1.0,1.0,953.0,424.0,0.01,4.0,600.0,29.927612442955247,87,2,136
768,854.0,1.0,1.0,1258.0,424.0,0.01,4.0,600.0,29.826660802043023,87,1,136
421,470.0,1.0,1.0,635.0,424.0,0.01,4.0,600.0,31.798066777284426,87,38,136
395,463.0,1.0,1.0,635.0,424.0,0.01,2.0,800.0,31.323580017715283,80,12,153
89,79.0,1.0,1.0,127.0,424.0,0.01,2.0,800.0,41.710042037738376,80,90,153
600,655.0,1.0,1.0,953.0,424.0,0.01,2.0,800.0,30.26369270670361,80,25,153
782,847.0,1.0,1.0,1258.0,424.0,0.01,2.0,800.0,30.11495044339403,80,15,153
202,271.0,1.0,1.0,317.0,424.0,0.01,2.0,800.0,33.66692393182482,80,11,153
769,876.0,1.0,1.0,1258.0,424.0,0.03,4.0,200.0,29.84217065055632,109,2,158
428,492.0,1.0,1.0,635.0,424.0,0.03,4.0,200.0,31.929803664786505,109,45,158
29,108.0,1.0,1.0,127.0,424.0,0.03,4.0,200.0,40.52207768395714,109,30,158
588,684.0,1.0,1.0,953.0,424.0,0.03,4.0,200.0,30.08237005985889,109,13,158
259,300.0,1.0,1.0,317.0,424.0,0.03,4.0,200.0,34.541100777165155,109,68,158
792,866.0,1.0,1.0,1258.0,424.0,0.03,1.0,600.0,30.189534859112207,99,25,161
386,482.0,1.0,1.0,635.0,424.0,0.03,1.0,600.0,31.21538947663048,99,3,161
203,290.0,1.0,1.0,317.0,424.0,0.03,1.0,600.0,33.70401369964516,99,12,161
610,674.0,1.0,1.0,953.0,424.0,0.03,1.0,600.0,30.352996147211957,99,35,161
85,98.0,1.0,1.0,127.0,424.0,0.03,1.0,600.0,41.65387103110394,99,86,161
68,78.0,1.0,1.0,127.0,424.0,0.01,2.0,600.0,41.3798108228635,79,69,164
629,654.0,1.0,1.0,953.0,424.0,0.01,2.0,600.0,30.49749799820729,79,54,164
195,270.0,1.0,1.0,317.0,424.0,0.01,2.0,600.0,33.504223933365125,79,4,164
388,462.0,1.0,1.0,635.0,424.0,0.01,2.0,600.0,31.28851806011261,79,5,164
799,846.0,1.0,1.0,1258.0,424.0,0.01,2.0,600.0,30.22726579078,79,32,164
772,835.0,1.0,1.0,1258.0,424.0,0.007,5.0,800.0,29.99878126699189,68,5,166
605,643.0,1.0,1.0,953.0,424.0,0.007,5.0,800.0,30.3257907194315,68,30,166
779,867.0,1.0,1.0,1258.0,424.0,0.03,1.0,800.0,30.10974412498699,100,12,166
86,99.0,1.0,1.0,127.0,424.0,0.03,1.0,800.0,41.66920239150063,100,87,166
436,451.0,1.0,1.0,635.0,424.0,0.007,5.0,800.0,32.044838339906946,68,53,166
609,675.0,1.0,1.0,953.0,424.0,0.03,1.0,800.0,30.34384220234873,100,34,166
249,259.0,1.0,1.0,317.0,424.0,0.007,5.0,800.0,34.43291843328187,68,58,166
209,291.0,1.0,1.0,317.0,424.0,0.03,1.0,800.0,33.81199484213263,100,18,166
19,67.0,1.0,1.0,127.0,424.0,0.007,5.0,800.0,40.41621699324984,68,20,166
398,483.0,1.0,1.0,635.0,424.0,0.03,1.0,800.0,31.369059989163752,100,15,166
598,647.0,1.0,1.0,953.0,424.0,0.007,6.0,800.0,30.256869111618283,72,23,168
431,455.0,1.0,1.0,635.0,424.0,0.007,6.0,800.0,31.957006156266463,72,48,168
250,263.0,1.0,1.0,317.0,424.0,0.007,6.0,800.0,34.43348745769485,72,59,168
784,839.0,1.0,1.0,1258.0,424.0,0.007,6.0,800.0,30.13466259028795,72,17,168
20,71.0,1.0,1.0,127.0,424.0,0.007,6.0,800.0,40.41919817995777,72,21,168
254,282.0,1.0,1.0,317.0,424.0,0.01,5.0,600.0,34.48615227765716,91,63,169
30,90.0,1.0,1.0,127.0,424.0,0.01,5.0,600.0,40.52792265603808,91,31,169
592,666.0,1.0,1.0,953.0,424.0,0.01,5.0,600.0,30.183047740589323,91,17,169
776,858.0,1.0,1.0,1258.0,424.0,0.01,5.0,600.0,30.05457939376165,91,9,169
432,474.0,1.0,1.0,635.0,424.0,0.01,5.0,600.0,31.97314585283121,91,49,169
793,868.0,1.0,1.0,1258.0,424.0,0.03,2.0,200.0,30.19538998489359,101,26,173
74,100.0,1.0,1.0,127.0,424.0,0.03,2.0,200.0,41.43890896756892,101,75,173
631,676.0,1.0,1.0,953.0,424.0,0.03,2.0,200.0,30.50985316929717,101,56,173
199,292.0,1.0,1.0,317.0,424.0,0.03,2.0,200.0,33.54892426140015,101,8,173
391,484.0,1.0,1.0,635.0,424.0,0.03,2.0,200.0,31.303605730901,101,8,173
65,55.0,1.0,1.0,127.0,424.0,0.007,2.0,800.0,41.160466653949015,56,66,178
196,247.0,1.0,1.0,317.0,424.0,0.007,2.0,800.0,33.5078776355966,56,5,178
810,823.0,1.0,1.0,1258.0,424.0,0.007,2.0,800.0,30.30022069286832,56,43,178
635,631.0,1.0,1.0,953.0,424.0,0.007,2.0,800.0,30.52401463271709,56,60,178
387,439.0,1.0,1.0,635.0,424.0,0.007,2.0,800.0,31.269388722692245,56,4,178
442,496.0,1.0,1.0,635.0,424.0,0.03,5.0,200.0,32.09238488902135,113,59,179
253,304.0,1.0,1.0,317.0,424.0,0.03,5.0,200.0,34.45618707345224,113,62,179
32,112.0,1.0,1.0,127.0,424.0,0.03,5.0,200.0,40.55519853844679,113,33,179
777,880.0,1.0,1.0,1258.0,424.0,0.03,5.0,200.0,30.056915964422423,113,10,179
590,688.0,1.0,1.0,953.0,424.0,0.03,5.0,200.0,30.14043880198703,113,15,179
31,94.0,1.0,1.0,127.0,424.0,0.01,6.0,600.0,40.53417755118489,95,32,181
258,286.0,1.0,1.0,317.0,424.0,0.01,6.0,600.0,34.529277972588105,95,67,181
433,478.0,1.0,1.0,635.0,424.0,0.01,6.0,600.0,31.99846272614783,95,50,181
596,670.0,1.0,1.0,953.0,424.0,0.01,6.0,600.0,30.228530673393013,95,21,181
778,862.0,1.0,1.0,1258.0,424.0,0.01,6.0,600.0,30.091282922596744,95,11,181
620,619.0,1.0,1.0,953.0,424.0,0.005,5.0,800.0,30.427737115137955,44,45,182
820,811.0,1.0,1.0,1258.0,424.0,0.005,5.0,800.0,30.40394307333096,44,53,182
441,427.0,1.0,1.0,635.0,424.0,0.005,5.0,800.0,32.06799133274427,44,58,182
213,235.0,1.0,1.0,317.0,424.0,0.005,5.0,800.0,33.88594832136707,44,22,182
3,43.0,1.0,1.0,127.0,424.0,0.005,5.0,800.0,40.147474247035085,44,4,182
616,665.0,1.0,1.0,953.0,424.0,0.01,5.0,400.0,30.394672176027264,90,41,184
7,89.0,1.0,1.0,127.0,424.0,0.01,5.0,400.0,40.17271253091291,90,8,184
435,473.0,1.0,1.0,635.0,424.0,0.01,5.0,400.0,32.039865755450826,90,52,184
819,857.0,1.0,1.0,1258.0,424.0,0.01,5.0,400.0,30.396437110847167,90,52,184
222,281.0,1.0,1.0,317.0,424.0,0.01,5.0,400.0,33.92461840426988,90,31,184
11,66.0,1.0,1.0,127.0,424.0,0.007,5.0,600.0,40.2177674218933,67,12,192
815,834.0,1.0,1.0,1258.0,424.0,0.007,5.0,600.0,30.3826309345526,67,48,192
443,450.0,1.0,1.0,635.0,424.0,0.007,5.0,600.0,32.09617513850997,67,60,192
224,258.0,1.0,1.0,317.0,424.0,0.007,5.0,600.0,33.93491162553979,67,33,192
614,642.0,1.0,1.0,953.0,424.0,0.007,5.0,600.0,30.384550580865245,67,39,192
625,673.0,1.0,1.0,953.0,424.0,0.03,1.0,400.0,30.468645477568334,98,50,194
618,697.0,1.0,1.0,953.0,424.0,0.05,1.0,400.0,30.41202712877021,122,43,194
204,313.0,1.0,1.0,317.0,424.0,0.05,1.0,400.0,33.776939630639724,122,13,194
84,97.0,1.0,1.0,127.0,424.0,0.03,1.0,400.0,41.6424116404676,98,85,194
802,889.0,1.0,1.0,1258.0,424.0,0.05,1.0,400.0,30.240908474452883,122,35,194
82,121.0,1.0,1.0,127.0,424.0,0.05,1.0,400.0,41.58865680661624,122,83,194
814,865.0,1.0,1.0,1258.0,424.0,0.03,1.0,400.0,30.37521827602279,98,47,194
201,289.0,1.0,1.0,317.0,424.0,0.03,1.0,400.0,33.616194857515,98,10,194
385,481.0,1.0,1.0,635.0,424.0,0.03,1.0,400.0,31.17121979078203,98,2,194
403,505.0,1.0,1.0,635.0,424.0,0.05,1.0,400.0,31.41613087795555,122,20,194
774,855.0,1.0,1.0,1258.0,424.0,0.01,4.0,800.0,30.003300621935143,88,7,197
265,279.0,1.0,1.0,317.0,424.0,0.01,4.0,800.0,34.761039196589856,88,74,197
576,663.0,1.0,1.0,953.0,424.0,0.01,4.0,800.0,29.840786789759782,88,1,197
449,471.0,1.0,1.0,635.0,424.0,0.01,4.0,800.0,32.18687649349994,88,66,197
48,87.0,1.0,1.0,127.0,424.0,0.01,4.0,800.0,40.99846069785041,88,49,197
439,500.0,1.0,1.0,635.0,424.0,0.03,6.0,200.0,32.06191677034379,117,56,201
229,360.0,1.0,1.0,317.0,424.0,0.1,1.0,200.0,33.97208233417761,169,38,201
26,116.0,1.0,1.0,127.0,424.0,0.03,6.0,200.0,40.496085075487535,117,27,201
390,552.0,1.0,1.0,635.0,424.0,0.1,1.0,200.0,31.298815272483385,169,7,201
260,308.0,1.0,1.0,317.0,424.0,0.03,6.0,200.0,34.55424513187633,117,69,201
785,884.0,1.0,1.0,1258.0,424.0,0.03,6.0,200.0,30.14010590948536,117,18,201
73,168.0,1.0,1.0,127.0,424.0,0.1,1.0,200.0,41.43287844567028,169,74,201
611,744.0,1.0,1.0,953.0,424.0,0.1,1.0,200.0,30.36347664839817,169,36,201
606,692.0,1.0,1.0,953.0,424.0,0.03,6.0,200.0,30.330496096811068,117,31,201
813,936.0,1.0,1.0,1258.0,424.0,0.1,1.0,200.0,30.36010467585353,169,46,201
603,677.0,1.0,1.0,953.0,424.0,0.03,2.0,400.0,30.308520745387955,102,28,203
796,869.0,1.0,1.0,1258.0,424.0,0.03,2.0,400.0,30.20838781911037,102,29,203
98,101.0,1.0,1.0,127.0,424.0,0.03,2.0,400.0,41.96475206906128,102,99,203
407,485.0,1.0,1.0,635.0,424.0,0.03,2.0,400.0,31.49921789441574,102,24,203
214,293.0,1.0,1.0,317.0,424.0,0.03,2.0,400.0,33.89523518009379,102,23,203
42,54.0,1.0,1.0,127.0,424.0,0.007,2.0,600.0,40.700573882613135,55,43,206
389,438.0,1.0,1.0,635.0,424.0,0.007,2.0,600.0,31.29439867528733,55,6,206
194,246.0,1.0,1.0,317.0,424.0,0.007,2.0,600.0,33.45991318593261,55,3,206
656,630.0,1.0,1.0,953.0,424.0,0.007,2.0,600.0,30.764545787090263,55,81,206
840,822.0,1.0,1.0,1258.0,424.0,0.007,2.0,600.0,30.634234741008505,55,73,206
10,70.0,1.0,1.0,127.0,424.0,0.007,6.0,600.0,40.1997446130109,71,11,208
824,838.0,1.0,1.0,1258.0,424.0,0.007,6.0,600.0,30.44255196559561,71,57,208
624,646.0,1.0,1.0,953.0,424.0,0.007,6.0,600.0,30.46298681110449,71,49,208
437,454.0,1.0,1.0,635.0,424.0,0.007,6.0,600.0,32.04937890899987,71,54,208
228,262.0,1.0,1.0,317.0,424.0,0.007,6.0,600.0,33.96526213828441,71,37,208
789,890.0,1.0,1.0,1258.0,424.0,0.05,1.0,600.0,30.178382093146908,123,22,209
83,122.0,1.0,1.0,127.0,424.0,0.05,1.0,600.0,41.63542164077241,123,84,209
410,506.0,1.0,1.0,635.0,424.0,0.05,1.0,600.0,31.595967731971875,123,27,209
221,314.0,1.0,1.0,317.0,424.0,0.05,1.0,600.0,33.92426524658876,123,30,209
621,698.0,1.0,1.0,953.0,424.0,0.05,1.0,600.0,30.42829622640557,123,46,209
256,275.0,1.0,1.0,317.0,424.0,0.01,3.0,800.0,34.496543329179374,84,65,213
821,851.0,1.0,1.0,1258.0,424.0,0.01,3.0,800.0,30.416023220027828,84,54,213
587,659.0,1.0,1.0,953.0,424.0,0.01,3.0,800.0,30.080727253456857,84,12,213
414,467.0,1.0,1.0,635.0,424.0,0.01,3.0,800.0,31.67775458783249,84,31,213
50,83.0,1.0,1.0,127.0,424.0,0.01,3.0,800.0,41.015421481536976,84,51,213
219,239.0,1.0,1.0,317.0,424.0,0.005,6.0,800.0,33.920643200955226,48,28,214
634,623.0,1.0,1.0,953.0,424.0,0.005,6.0,800.0,30.522802647663596,48,59,214
829,815.0,1.0,1.0,1258.0,424.0,0.005,6.0,800.0,30.487058767587992,48,62,214
2,47.0,1.0,1.0,127.0,424.0,0.005,6.0,800.0,40.145781065989866,48,3,214
445,431.0,1.0,1.0,635.0,424.0,0.005,6.0,800.0,32.10365437408997,48,62,214
192,269.0,1.0,1.0,317.0,424.0,0.01,2.0,400.0,33.44841594128427,78,1,218
36,77.0,1.0,1.0,127.0,424.0,0.01,2.0,400.0,40.6411022898357,78,37,218
393,461.0,1.0,1.0,635.0,424.0,0.01,2.0,400.0,31.30955512735148,78,10,218
849,845.0,1.0,1.0,1258.0,424.0,0.01,2.0,400.0,30.75153466609932,78,82,218
663,653.0,1.0,1.0,953.0,424.0,0.01,2.0,400.0,30.82454980848191,78,88,218
662,607.0,1.0,1.0,953.0,424.0,0.005,2.0,800.0,30.82307563387561,32,87,219
850,799.0,1.0,1.0,1258.0,424.0,0.005,2.0,800.0,30.752760316825203,32,83,219
394,415.0,1.0,1.0,635.0,424.0,0.005,2.0,800.0,31.31467594678119,32,11,219
193,223.0,1.0,1.0,317.0,424.0,0.005,2.0,800.0,33.458434731801624,32,2,219
35,31.0,1.0,1.0,127.0,424.0,0.005,2.0,800.0,40.58852273883135,32,36,219
828,861.0,1.0,1.0,1258.0,424.0,0.01,6.0,400.0,30.48418505769813,94,61,220
446,477.0,1.0,1.0,635.0,424.0,0.01,6.0,400.0,32.11051472193854,94,63,220
8,93.0,1.0,1.0,127.0,424.0,0.01,6.0,400.0,40.17282626728522,94,9,220
638,669.0,1.0,1.0,953.0,424.0,0.01,6.0,400.0,30.55898388836746,94,63,220
215,285.0,1.0,1.0,317.0,424.0,0.01,6.0,400.0,33.89965993732542,94,24,220
408,508.0,1.0,1.0,635.0,424.0,0.05,2.0,200.0,31.54707615672748,125,25,229
216,316.0,1.0,1.0,317.0,424.0,0.05,2.0,200.0,33.906311516343614,125,25,229
801,892.0,1.0,1.0,1258.0,424.0,0.05,2.0,200.0,30.232354898178613,125,34,229
622,700.0,1.0,1.0,953.0,424.0,0.05,2.0,200.0,30.43885457025634,125,47,229
97,124.0,1.0,1.0,127.0,424.0,0.05,2.0,200.0,41.96230115924974,125,98,229
458,475.0,1.0,1.0,635.0,424.0,0.01,5.0,800.0,32.47721594076631,92,75,230
47,91.0,1.0,1.0,127.0,424.0,0.01,5.0,800.0,40.978043444910455,92,48,230
783,859.0,1.0,1.0,1258.0,424.0,0.01,5.0,800.0,30.117739284151565,92,16,230
264,283.0,1.0,1.0,317.0,424.0,0.01,5.0,800.0,34.70727511161639,92,73,230
593,667.0,1.0,1.0,953.0,424.0,0.01,5.0,800.0,30.189721890932223,92,18,230
100,148.0,1.0,1.0,127.0,424.0,0.07,2.0,200.0,42.080064059538245,149,101,233
795,916.0,1.0,1.0,1258.0,424.0,0.07,2.0,200.0,30.206354889246327,149,28,233
406,532.0,1.0,1.0,635.0,424.0,0.07,2.0,200.0,31.424013660053102,149,23,233
232,340.0,1.0,1.0,317.0,424.0,0.07,2.0,200.0,33.99178469179565,149,41,233
615,724.0,1.0,1.0,953.0,424.0,0.07,2.0,200.0,30.386769638360555,149,40,233
456,479.0,1.0,1.0,635.0,424.0,0.01,6.0,800.0,32.43339310884428,96,73,234
781,863.0,1.0,1.0,1258.0,424.0,0.01,6.0,800.0,30.114152040284864,96,14,234
49,95.0,1.0,1.0,127.0,424.0,0.01,6.0,800.0,41.00119422894924,96,50,234
269,287.0,1.0,1.0,317.0,424.0,0.01,6.0,800.0,34.85003176852231,96,78,234
594,671.0,1.0,1.0,953.0,424.0,0.01,6.0,800.0,30.197542094444167,96,19,234
834,912.0,1.0,1.0,1258.0,424.0,0.07,1.0,200.0,30.566514926958583,145,67,240
646,720.0,1.0,1.0,953.0,424.0,0.07,1.0,200.0,30.6257475300766,145,71,240
93,144.0,1.0,1.0,127.0,424.0,0.07,1.0,200.0,41.867985793575045,145,94,240
384,528.0,1.0,1.0,635.0,424.0,0.07,1.0,200.0,31.07773337742216,145,1,240
198,336.0,1.0,1.0,317.0,424.0,0.07,1.0,200.0,33.53923208743812,145,7,240
846,806.0,1.0,1.0,1258.0,424.0,0.005,4.0,600.0,30.72240907682525,39,79,242
641,614.0,1.0,1.0,953.0,424.0,0.005,4.0,600.0,30.592332999494424,39,66,242
427,422.0,1.0,1.0,635.0,424.0,0.005,4.0,600.0,31.92838607643756,39,44,242
230,230.0,1.0,1.0,317.0,424.0,0.005,4.0,600.0,33.98691790189644,39,39,242
13,38.0,1.0,1.0,127.0,424.0,0.005,4.0,600.0,40.28797266160756,39,14,242
584,708.0,1.0,1.0,953.0,424.0,0.05,4.0,200.0,30.060853537348944,133,9,243
786,900.0,1.0,1.0,1258.0,424.0,0.05,4.0,200.0,30.149353431637195,133,19,243
271,324.0,1.0,1.0,317.0,424.0,0.05,4.0,200.0,35.005196660899614,133,80,243
464,516.0,1.0,1.0,635.0,424.0,0.05,4.0,200.0,32.66121469665402,133,81,243
53,132.0,1.0,1.0,127.0,424.0,0.05,4.0,200.0,41.07552402785338,133,54,243
416,507.0,1.0,1.0,635.0,424.0,0.05,1.0,800.0,31.69504528432197,124,33,244
233,315.0,1.0,1.0,317.0,424.0,0.05,1.0,800.0,34.024413113858934,124,42,244
790,891.0,1.0,1.0,1258.0,424.0,0.05,1.0,800.0,30.18407419527809,124,23,244
92,123.0,1.0,1.0,127.0,424.0,0.05,1.0,800.0,41.86642870774788,124,93,244
628,699.0,1.0,1.0,953.0,424.0,0.05,1.0,800.0,30.489848607659,124,53,244
836,888.0,1.0,1.0,1258.0,424.0,0.05,1.0,200.0,30.588032958053397,121,69,248
200,312.0,1.0,1.0,317.0,424.0,0.05,1.0,200.0,33.58699440193061,121,9,248
647,696.0,1.0,1.0,953.0,424.0,0.05,1.0,200.0,30.63640942082805,121,72,248
81,120.0,1.0,1.0,127.0,424.0,0.05,1.0,200.0,41.572354553724864,121,82,248
399,504.0,1.0,1.0,635.0,424.0,0.05,1.0,200.0,31.3955597415317,121,16,248
827,913.0,1.0,1.0,1258.0,424.0,0.07,1.0,400.0,30.465398971789035,146,60,252
205,337.0,1.0,1.0,317.0,424.0,0.07,1.0,400.0,33.78247303968338,146,14,252
405,529.0,1.0,1.0,635.0,424.0,0.07,1.0,400.0,31.42369073826882,146,22,252
642,721.0,1.0,1.0,953.0,424.0,0.07,1.0,400.0,30.60135941478812,146,67,252
88,145.0,1.0,1.0,127.0,424.0,0.07,1.0,400.0,41.677720954033546,146,89,252
864,802.0,1.0,1.0,1258.0,424.0,0.005,3.0,600.0,30.98440430846214,35,97,253
12,34.0,1.0,1.0,127.0,424.0,0.005,3.0,600.0,40.234954155647294,35,13,253
420,418.0,1.0,1.0,635.0,424.0,0.005,3.0,600.0,31.722254382623213,35,37,253
664,610.0,1.0,1.0,953.0,424.0,0.005,3.0,600.0,30.856835154124088,35,89,253
208,226.0,1.0,1.0,317.0,424.0,0.005,3.0,600.0,33.79520428399693,35,17,253
90,169.0,1.0,1.0,127.0,424.0,0.1,1.0,400.0,41.80094625002022,170,91,257
809,937.0,1.0,1.0,1258.0,424.0,0.1,1.0,400.0,30.299680512424647,170,42,257
411,553.0,1.0,1.0,635.0,424.0,0.1,1.0,400.0,31.61130171316931,170,28,257
623,745.0,1.0,1.0,953.0,424.0,0.1,1.0,400.0,30.456575961771332,170,48,257
239,361.0,1.0,1.0,317.0,424.0,0.1,1.0,400.0,34.161909042428924,170,48,257
585,704.0,1.0,1.0,953.0,424.0,0.05,3.0,200.0,30.074852734507516,129,10,270
268,320.0,1.0,1.0,317.0,424.0,0.05,3.0,200.0,34.83435766034884,129,77,270
66,128.0,1.0,1.0,127.0,424.0,0.05,3.0,200.0,41.16423439268056,129,67,270
425,512.0,1.0,1.0,635.0,424.0,0.05,3.0,200.0,31.92019655305145,129,42,270
841,896.0,1.0,1.0,1258.0,424.0,0.05,3.0,200.0,30.63882675414526,129,74,270
243,294.0,1.0,1.0,317.0,424.0,0.03,2.0,600.0,34.21516106003938,103,52,276
788,870.0,1.0,1.0,1258.0,424.0,0.03,2.0,600.0,30.157759961393023,103,21,276
627,678.0,1.0,1.0,953.0,424.0,0.03,2.0,600.0,30.47669542521249,103,52,276
111,102.0,1.0,1.0,127.0,424.0,0.03,2.0,600.0,42.31300437902412,103,112,276
422,486.0,1.0,1.0,635.0,424.0,0.03,2.0,600.0,31.81111426896113,103,39,276
197,267.0,1.0,1.0,317.0,424.0,0.01,1.0,800.0,33.53909998062964,76,6,288
404,459.0,1.0,1.0,635.0,424.0,0.01,1.0,800.0,31.42087302469408,76,21,288
865,843.0,1.0,1.0,1258.0,424.0,0.01,1.0,800.0,30.99120779094926,76,98,288
668,651.0,1.0,1.0,953.0,424.0,0.01,1.0,800.0,30.88828494297286,76,93,288
69,75.0,1.0,1.0,127.0,424.0,0.01,1.0,800.0,41.39102060740942,76,70,288
652,722.0,1.0,1.0,953.0,424.0,0.07,1.0,600.0,30.6895633848264,147,77,296
601,689.0,1.0,1.0,953.0,424.0,0.03,5.0,400.0,30.275937956835637,114,26,296
780,881.0,1.0,1.0,1258.0,424.0,0.03,5.0,400.0,30.111406445678643,114,13,296
279,305.0,1.0,1.0,317.0,424.0,0.03,5.0,400.0,35.29598677017431,114,88,296
826,914.0,1.0,1.0,1258.0,424.0,0.07,1.0,600.0,30.46343202551613,147,59,296
225,338.0,1.0,1.0,317.0,424.0,0.07,1.0,600.0,33.9431396230412,147,34,296
409,530.0,1.0,1.0,635.0,424.0,0.07,1.0,600.0,31.562358399744756,147,26,296
481,497.0,1.0,1.0,635.0,424.0,0.03,5.0,400.0,33.13934287598027,114,98,296
99,146.0,1.0,1.0,127.0,424.0,0.07,1.0,600.0,42.03511331703354,147,100,296
70,113.0,1.0,1.0,127.0,424.0,0.03,5.0,400.0,41.4116476143236,114,71,296
591,712.0,1.0,1.0,953.0,424.0,0.05,5.0,200.0,30.146294931932097,137,16,297
273,328.0,1.0,1.0,317.0,424.0,0.05,5.0,200.0,35.15727075650322,137,82,297
61,136.0,1.0,1.0,127.0,424.0,0.05,5.0,200.0,41.13103427081555,137,62,297
812,904.0,1.0,1.0,1258.0,424.0,0.05,5.0,200.0,30.342650209740583,137,45,297
475,520.0,1.0,1.0,635.0,424.0,0.05,5.0,200.0,33.01761256875687,137,92,297
859,810.0,1.0,1.0,1258.0,424.0,0.005,5.0,600.0,30.903314668172293,43,92,298
220,234.0,1.0,1.0,317.0,424.0,0.005,5.0,600.0,33.92067244452492,43,29,298
15,42.0,1.0,1.0,127.0,424.0,0.005,5.0,600.0,40.29644222208385,43,16,298
667,618.0,1.0,1.0,953.0,424.0,0.005,5.0,600.0,30.872241344650472,43,92,298
452,426.0,1.0,1.0,635.0,424.0,0.005,5.0,600.0,32.26846102176668,43,69,298
418,554.0,1.0,1.0,635.0,424.0,0.1,1.0,600.0,31.711176832462574,171,35,304
467,493.0,1.0,1.0,635.0,424.0,0.03,4.0,400.0,32.778770602313564,110,84,304
277,301.0,1.0,1.0,317.0,424.0,0.03,4.0,400.0,35.21258286406711,110,86,304
245,362.0,1.0,1.0,317.0,424.0,0.1,1.0,600.0,34.29075446139762,171,54,304
72,109.0,1.0,1.0,127.0,424.0,0.03,4.0,400.0,41.42793206774257,110,73,304
108,170.0,1.0,1.0,127.0,424.0,0.1,1.0,600.0,42.262350532566245,171,109,304
586,685.0,1.0,1.0,953.0,424.0,0.03,4.0,400.0,30.079001308604468,110,11,304
811,938.0,1.0,1.0,1258.0,424.0,0.1,1.0,600.0,30.31643079047067,171,44,304
817,877.0,1.0,1.0,1258.0,424.0,0.03,4.0,400.0,30.394462620980377,110,50,304
637,746.0,1.0,1.0,953.0,424.0,0.1,1.0,600.0,30.543251017037694,171,62,304
595,681.0,1.0,1.0,953.0,424.0,0.03,3.0,400.0,30.19814525560499,106,20,306
845,873.0,1.0,1.0,1258.0,424.0,0.03,3.0,400.0,30.7061261163996,106,78,306
434,489.0,1.0,1.0,635.0,424.0,0.03,3.0,400.0,32.00331142183652,106,51,306
75,105.0,1.0,1.0,127.0,424.0,0.03,3.0,400.0,41.491770722058895,106,76,306
272,297.0,1.0,1.0,317.0,424.0,0.03,3.0,400.0,35.06898272379032,106,81,306
18,57.0,1.0,1.0,127.0,424.0,0.007,3.0,400.0,40.38947846196392,58,19,310
423,441.0,1.0,1.0,635.0,424.0,0.007,3.0,400.0,31.86665058864892,58,40,310
883,825.0,1.0,1.0,1258.0,424.0,0.007,3.0,400.0,31.28727368354301,58,116,310
223,249.0,1.0,1.0,317.0,424.0,0.007,3.0,400.0,33.92549406596102,58,32,310
678,633.0,1.0,1.0,953.0,424.0,0.007,3.0,400.0,31.092822193512333,58,103,310
659,637.0,1.0,1.0,953.0,424.0,0.007,4.0,400.0,30.800816422750174,62,84,314
240,253.0,1.0,1.0,317.0,424.0,0.007,4.0,400.0,34.17177807197899,62,49,314
438,445.0,1.0,1.0,635.0,424.0,0.007,4.0,400.0,32.05787621191823,62,55,314
22,61.0,1.0,1.0,127.0,424.0,0.007,4.0,400.0,40.43265117806794,62,23,314
870,829.0,1.0,1.0,1258.0,424.0,0.007,4.0,400.0,31.056411519506693,62,103,314
454,430.0,1.0,1.0,635.0,424.0,0.005,6.0,600.0,32.29509259132752,47,71,315
14,46.0,1.0,1.0,127.0,424.0,0.005,6.0,600.0,40.28850893794949,47,15,315
665,622.0,1.0,1.0,953.0,424.0,0.005,6.0,600.0,30.860064662073786,47,90,315
866,814.0,1.0,1.0,1258.0,424.0,0.005,6.0,600.0,31.0024889295398,47,99,315
231,238.0,1.0,1.0,317.0,424.0,0.005,6.0,600.0,33.9880226040738,47,40,315
71,117.0,1.0,1.0,127.0,424.0,0.03,6.0,400.0,41.41613480993136,118,72,322
608,693.0,1.0,1.0,953.0,424.0,0.03,6.0,400.0,30.340414789892016,118,33,322
806,885.0,1.0,1.0,1258.0,424.0,0.03,6.0,400.0,30.2533667447503,118,39,322
282,309.0,1.0,1.0,317.0,424.0,0.03,6.0,400.0,35.36375617696637,118,91,322
470,501.0,1.0,1.0,635.0,424.0,0.03,6.0,400.0,32.91718960912933,118,87,322
234,339.0,1.0,1.0,317.0,424.0,0.07,1.0,800.0,34.02533578253709,148,43,327
107,147.0,1.0,1.0,127.0,424.0,0.07,1.0,800.0,42.25345888127823,148,108,327
655,723.0,1.0,1.0,953.0,424.0,0.07,1.0,800.0,30.72856427450572,148,80,327
831,915.0,1.0,1.0,1258.0,424.0,0.07,1.0,800.0,30.496000543200005,148,64,327
415,531.0,1.0,1.0,635.0,424.0,0.07,1.0,800.0,31.68321133823785,148,32,327
619,716.0,1.0,1.0,953.0,424.0,0.05,6.0,200.0,30.41529532674833,141,44,330
274,332.0,1.0,1.0,317.0,424.0,0.05,6.0,200.0,35.187260226003666,141,83,330
822,908.0,1.0,1.0,1258.0,424.0,0.05,6.0,200.0,30.424645336378,141,55,330
62,140.0,1.0,1.0,127.0,424.0,0.05,6.0,200.0,41.13148583713977,141,63,330
468,524.0,1.0,1.0,635.0,424.0,0.05,6.0,200.0,32.900651766932874,141,85,330
805,893.0,1.0,1.0,1258.0,424.0,0.05,2.0,400.0,30.253178166815903,126,38,338
114,125.0,1.0,1.0,127.0,424.0,0.05,2.0,400.0,42.39037646167764,126,115,338
444,509.0,1.0,1.0,635.0,424.0,0.05,2.0,400.0,32.098894498766434,126,61,338
247,317.0,1.0,1.0,317.0,424.0,0.05,2.0,400.0,34.3554143379199,126,56,338
643,701.0,1.0,1.0,953.0,424.0,0.05,2.0,400.0,30.60347867725645,126,68,338
255,363.0,1.0,1.0,317.0,424.0,0.1,1.0,800.0,34.487937173931705,172,64,342
122,171.0,1.0,1.0,127.0,424.0,0.1,1.0,800.0,42.64359327343376,172,123,342
640,747.0,1.0,1.0,953.0,424.0,0.1,1.0,800.0,30.569343980653528,172,65,342
424,555.0,1.0,1.0,635.0,424.0,0.1,1.0,800.0,31.875594691991683,172,41,342
816,939.0,1.0,1.0,1258.0,424.0,0.1,1.0,800.0,30.388842440629396,172,49,342
597,728.0,1.0,1.0,953.0,424.0,0.07,3.0,200.0,30.23966101396449,153,22,345
281,344.0,1.0,1.0,317.0,424.0,0.07,3.0,200.0,35.34490826535311,153,90,345
91,152.0,1.0,1.0,127.0,424.0,0.07,3.0,200.0,41.84816730580988,153,92,345
838,920.0,1.0,1.0,1258.0,424.0,0.07,3.0,200.0,30.59808747198203,153,71,345
453,536.0,1.0,1.0,635.0,424.0,0.07,3.0,200.0,32.28305578558751,153,70,345
23,65.0,1.0,1.0,127.0,424.0,0.007,5.0,400.0,40.44117416969982,66,24,353
679,641.0,1.0,1.0,953.0,424.0,0.007,5.0,400.0,31.10369235829827,66,104,353
457,449.0,1.0,1.0,635.0,424.0,0.007,5.0,400.0,32.43707244938244,66,74,353
873,833.0,1.0,1.0,1258.0,424.0,0.007,5.0,400.0,31.11015815580135,66,106,353
236,257.0,1.0,1.0,317.0,424.0,0.007,5.0,400.0,34.098657364148224,66,45,353
455,453.0,1.0,1.0,635.0,424.0,0.007,6.0,400.0,32.35322868889644,70,72,356
25,69.0,1.0,1.0,127.0,424.0,0.007,6.0,400.0,40.45093272971583,70,26,356
237,261.0,1.0,1.0,317.0,424.0,0.007,6.0,400.0,34.12630757039589,70,46,356
674,645.0,1.0,1.0,953.0,424.0,0.007,6.0,400.0,30.998150076180607,70,99,356
880,837.0,1.0,1.0,1258.0,424.0,0.007,6.0,400.0,31.25129040646529,70,113,356
703,606.0,1.0,1.0,953.0,424.0,0.005,2.0,600.0,31.724172661881248,31,128,358
16,30.0,1.0,1.0,127.0,424.0,0.005,2.0,600.0,40.33126133027287,31,17,358
227,222.0,1.0,1.0,317.0,424.0,0.005,2.0,600.0,33.96277882670121,31,36,358
898,798.0,1.0,1.0,1258.0,424.0,0.005,2.0,600.0,31.861058638349935,31,131,358
429,414.0,1.0,1.0,635.0,424.0,0.005,2.0,600.0,31.935187664436068,31,46,358
95,156.0,1.0,1.0,127.0,424.0,0.07,4.0,200.0,41.90287174850256,157,96,361
803,924.0,1.0,1.0,1258.0,424.0,0.07,4.0,200.0,30.24406633173701,157,36,361
292,348.0,1.0,1.0,317.0,424.0,0.07,4.0,200.0,35.47931681708367,157,101,361
612,732.0,1.0,1.0,953.0,424.0,0.07,4.0,200.0,30.37455094683217,157,37,361
474,540.0,1.0,1.0,635.0,424.0,0.07,4.0,200.0,32.98014793475674,157,91,361
252,295.0,1.0,1.0,317.0,424.0,0.03,2.0,800.0,34.44402556454083,104,61,364
447,487.0,1.0,1.0,635.0,424.0,0.03,2.0,800.0,32.13216312597573,104,64,364
648,679.0,1.0,1.0,953.0,424.0,0.03,2.0,800.0,30.63683794089281,104,73,364
808,871.0,1.0,1.0,1258.0,424.0,0.03,2.0,800.0,30.29749121529041,104,41,364
124,103.0,1.0,1.0,127.0,424.0,0.03,2.0,800.0,42.66212376934822,104,125,364
451,556.0,1.0,1.0,635.0,424.0,0.1,2.0,200.0,32.25649462961266,173,68,376
653,748.0,1.0,1.0,953.0,424.0,0.1,2.0,200.0,30.68971714373868,173,78,376
123,172.0,1.0,1.0,127.0,424.0,0.1,2.0,200.0,42.645393043396886,173,124,376
818,940.0,1.0,1.0,1258.0,424.0,0.1,2.0,200.0,30.39504422574985,173,51,376
246,364.0,1.0,1.0,317.0,424.0,0.1,2.0,200.0,34.30775074245134,173,55,376
212,288.0,1.0,1.0,317.0,424.0,0.03,1.0,200.0,33.86498046491606,97,21,377
903,864.0,1.0,1.0,1258.0,424.0,0.03,1.0,200.0,32.04886685656723,97,136,377
51,96.0,1.0,1.0,127.0,424.0,0.03,1.0,200.0,41.03610502523844,97,52,377
426,480.0,1.0,1.0,635.0,424.0,0.03,1.0,200.0,31.921486075956008,97,43,377
700,672.0,1.0,1.0,953.0,424.0,0.03,1.0,200.0,31.699950912628942,97,125,377
430,458.0,1.0,1.0,635.0,424.0,0.01,1.0,600.0,31.946971376935124,75,47,380
704,650.0,1.0,1.0,953.0,424.0,0.01,1.0,600.0,31.72901376273556,75,129,380
211,266.0,1.0,1.0,317.0,424.0,0.01,1.0,600.0,33.86320452530093,75,20,380
905,842.0,1.0,1.0,1258.0,424.0,0.01,1.0,600.0,32.12021396859207,75,138,380
45,74.0,1.0,1.0,127.0,424.0,0.01,1.0,600.0,40.90621459177661,75,46,380
300,356.0,1.0,1.0,317.0,424.0,0.07,6.0,200.0,35.74176069038915,165,109,394
630,740.0,1.0,1.0,953.0,424.0,0.07,6.0,200.0,30.499772020224523,165,55,394
96,164.0,1.0,1.0,127.0,424.0,0.07,6.0,200.0,41.92897822398259,165,97,394
807,932.0,1.0,1.0,1258.0,424.0,0.07,6.0,200.0,30.25925973619749,165,40,394
476,548.0,1.0,1.0,635.0,424.0,0.07,6.0,200.0,33.02219277304933,165,93,394
459,490.0,1.0,1.0,635.0,424.0,0.03,3.0,600.0,32.48634899059641,107,76,402
293,298.0,1.0,1.0,317.0,424.0,0.03,3.0,600.0,35.50094603497137,107,102,402
855,874.0,1.0,1.0,1258.0,424.0,0.03,3.0,600.0,30.856456019450004,107,88,402
607,682.0,1.0,1.0,953.0,424.0,0.03,3.0,600.0,30.33687763905684,107,32,402
103,106.0,1.0,1.0,127.0,424.0,0.03,3.0,600.0,42.15417762221999,107,104,402
126,149.0,1.0,1.0,127.0,424.0,0.07,2.0,400.0,42.90239774691929,150,127,403
832,917.0,1.0,1.0,1258.0,424.0,0.07,2.0,400.0,30.49754242362615,150,65,403
440,533.0,1.0,1.0,635.0,424.0,0.07,2.0,400.0,32.06404555329753,150,57,403
654,725.0,1.0,1.0,953.0,424.0,0.07,2.0,400.0,30.705048070235826,150,79,403
266,341.0,1.0,1.0,317.0,424.0,0.07,2.0,400.0,34.80815813008175,150,75,403
241,245.0,1.0,1.0,317.0,424.0,0.007,2.0,400.0,34.18722994546224,54,50,415
714,629.0,1.0,1.0,953.0,424.0,0.007,2.0,400.0,32.048522844738464,54,139,415
450,437.0,1.0,1.0,635.0,424.0,0.007,2.0,400.0,32.22250205346216,54,67,415
908,821.0,1.0,1.0,1258.0,424.0,0.007,2.0,400.0,32.311920840761715,54,141,415
17,53.0,1.0,1.0,127.0,424.0,0.007,2.0,400.0,40.35836804650226,54,18,415
837,878.0,1.0,1.0,1258.0,424.0,0.03,4.0,600.0,30.59038333495112,111,70,422
613,686.0,1.0,1.0,953.0,424.0,0.03,4.0,600.0,30.37656876473014,111,38,422
104,110.0,1.0,1.0,127.0,424.0,0.03,4.0,600.0,42.16232686669802,111,105,422
301,302.0,1.0,1.0,317.0,424.0,0.03,4.0,600.0,35.76562202246124,111,110,422
482,494.0,1.0,1.0,635.0,424.0,0.03,4.0,600.0,33.18080917297025,111,99,422
297,352.0,1.0,1.0,317.0,424.0,0.07,5.0,200.0,35.67186534427108,161,106,429
94,160.0,1.0,1.0,127.0,424.0,0.07,5.0,200.0,41.877177468924366,161,95,429
651,736.0,1.0,1.0,953.0,424.0,0.07,5.0,200.0,30.666068981906225,161,76,429
825,928.0,1.0,1.0,1258.0,424.0,0.07,5.0,200.0,30.446726071475076,161,58,429
477,544.0,1.0,1.0,635.0,424.0,0.07,5.0,200.0,33.02985462868857,161,94,429
463,560.0,1.0,1.0,635.0,424.0,0.1,3.0,200.0,32.64141315988768,177,80,435
626,752.0,1.0,1.0,953.0,424.0,0.1,3.0,200.0,30.472626725634964,177,51,435
867,944.0,1.0,1.0,1258.0,424.0,0.1,3.0,200.0,31.025831459476738,177,100,435
106,176.0,1.0,1.0,127.0,424.0,0.1,3.0,200.0,42.22955067860472,177,107,435
288,368.0,1.0,1.0,317.0,424.0,0.1,3.0,200.0,35.39771997015494,177,97,435
448,435.0,1.0,1.0,635.0,424.0,0.007,1.0,800.0,32.17873002709992,52,65,439
235,243.0,1.0,1.0,317.0,424.0,0.007,1.0,800.0,34.033910754523504,52,44,439
46,51.0,1.0,1.0,127.0,424.0,0.007,1.0,800.0,40.92055195476005,52,47,439
715,627.0,1.0,1.0,953.0,424.0,0.007,1.0,800.0,32.07153766606855,52,140,439
910,819.0,1.0,1.0,1258.0,424.0,0.007,1.0,800.0,32.502555138589656,52,143,439
37,15.0,1.0,1.0,127.0,424.0,0.003,4.0,800.0,40.64356825407132,16,38,441
670,702.0,1.0,1.0,953.0,424.0,0.05,2.0,600.0,30.905419376412976,127,95,441
696,591.0,1.0,1.0,953.0,424.0,0.003,4.0,800.0,31.58736427371061,16,121,441
896,783.0,1.0,1.0,1258.0,424.0,0.003,4.0,800.0,31.83358157629724,16,129,441
461,510.0,1.0,1.0,635.0,424.0,0.05,2.0,600.0,32.538782582310255,127,78,441
465,399.0,1.0,1.0,635.0,424.0,0.003,4.0,800.0,32.672152367879,16,82,441
262,207.0,1.0,1.0,317.0,424.0,0.003,4.0,800.0,34.59876720238997,16,71,441
833,894.0,1.0,1.0,1258.0,424.0,0.05,2.0,600.0,30.501274698853965,127,66,441
125,126.0,1.0,1.0,127.0,424.0,0.05,2.0,600.0,42.866566479293226,127,126,441
267,318.0,1.0,1.0,317.0,424.0,0.05,2.0,600.0,34.80834763878951,127,76,441
102,114.0,1.0,1.0,127.0,424.0,0.03,5.0,600.0,42.14685292279454,115,103,443
639,690.0,1.0,1.0,953.0,424.0,0.03,5.0,600.0,30.561653081239044,115,64,443
305,306.0,1.0,1.0,317.0,424.0,0.03,5.0,600.0,36.00388013624889,115,114,443
489,498.0,1.0,1.0,635.0,424.0,0.03,5.0,600.0,33.47141089737989,115,106,443
823,882.0,1.0,1.0,1258.0,424.0,0.03,5.0,600.0,30.428473218148437,115,56,443
617,705.0,1.0,1.0,953.0,424.0,0.05,3.0,400.0,30.40012613821307,130,42,444
872,897.0,1.0,1.0,1258.0,424.0,0.05,3.0,400.0,31.08875258996735,130,105,444
105,129.0,1.0,1.0,127.0,424.0,0.05,3.0,400.0,42.17268976675464,130,106,444
299,321.0,1.0,1.0,317.0,424.0,0.05,3.0,400.0,35.6918123288741,130,108,444
466,513.0,1.0,1.0,635.0,424.0,0.05,3.0,400.0,32.723971879817924,130,83,444
40,11.0,1.0,1.0,127.0,424.0,0.003,3.0,800.0,40.65670403396606,12,41,449
904,779.0,1.0,1.0,1258.0,424.0,0.003,3.0,800.0,32.117340458131906,12,137,449
460,395.0,1.0,1.0,635.0,424.0,0.003,3.0,800.0,32.49434452201982,12,77,449
709,587.0,1.0,1.0,953.0,424.0,0.003,3.0,800.0,31.75476835616585,12,134,449
251,203.0,1.0,1.0,317.0,424.0,0.003,3.0,800.0,34.43782496943631,12,60,449
109,184.0,1.0,1.0,127.0,424.0,0.1,5.0,200.0,42.2724405162427,185,110,451
632,760.0,1.0,1.0,953.0,424.0,0.1,5.0,200.0,30.511470929612827,185,57,451
496,568.0,1.0,1.0,635.0,424.0,0.1,5.0,200.0,33.62478146531533,185,113,451
325,376.0,1.0,1.0,317.0,424.0,0.1,5.0,200.0,36.56814846987333,185,134,451
804,952.0,1.0,1.0,1258.0,424.0,0.1,5.0,200.0,30.248702608760052,185,37,451
645,694.0,1.0,1.0,953.0,424.0,0.03,6.0,600.0,30.613374545447268,119,70,453
101,118.0,1.0,1.0,127.0,424.0,0.03,6.0,600.0,42.14307822962419,119,102,453
306,310.0,1.0,1.0,317.0,424.0,0.03,6.0,600.0,36.06520854676765,119,115,453
486,502.0,1.0,1.0,635.0,424.0,0.03,6.0,600.0,33.41001107019893,119,103,453
830,886.0,1.0,1.0,1258.0,424.0,0.03,6.0,600.0,30.493333288415304,119,63,453
263,215.0,1.0,1.0,317.0,424.0,0.003,6.0,800.0,34.61377501934285,24,72,455
899,791.0,1.0,1.0,1258.0,424.0,0.003,6.0,800.0,31.90841704220909,24,132,455
38,23.0,1.0,1.0,127.0,424.0,0.003,6.0,800.0,40.645342173279886,24,39,455
701,599.0,1.0,1.0,953.0,424.0,0.003,6.0,800.0,31.70582828204444,24,126,455
469,407.0,1.0,1.0,635.0,424.0,0.003,6.0,800.0,32.91647498284345,24,86,455
473,403.0,1.0,1.0,635.0,424.0,0.003,5.0,800.0,32.9653346567002,20,90,461
261,211.0,1.0,1.0,317.0,424.0,0.003,5.0,800.0,34.57886968942939,20,70,461
706,595.0,1.0,1.0,953.0,424.0,0.003,5.0,800.0,31.73568855277888,20,131,461
39,19.0,1.0,1.0,127.0,424.0,0.003,5.0,800.0,40.6533013631271,20,40,461
897,787.0,1.0,1.0,1258.0,424.0,0.003,5.0,800.0,31.855878758744613,20,130,461
488,517.0,1.0,1.0,635.0,424.0,0.05,4.0,400.0,33.42853681677169,134,105,465
843,901.0,1.0,1.0,1258.0,424.0,0.05,4.0,400.0,30.65995932165952,134,76,465
112,133.0,1.0,1.0,127.0,424.0,0.05,4.0,400.0,42.31929502934845,134,113,465
304,325.0,1.0,1.0,317.0,424.0,0.05,4.0,400.0,35.89221129910878,134,113,465
633,709.0,1.0,1.0,953.0,424.0,0.05,4.0,400.0,30.516288438143725,134,58,465
636,683.0,1.0,1.0,953.0,424.0,0.03,3.0,800.0,30.532236362881264,108,61,476
861,875.0,1.0,1.0,1258.0,424.0,0.03,3.0,800.0,30.94083589515348,108,94,476
120,107.0,1.0,1.0,127.0,424.0,0.03,3.0,800.0,42.62133517420501,108,121,476
472,491.0,1.0,1.0,635.0,424.0,0.03,3.0,800.0,32.962498813789686,108,89,476
302,299.0,1.0,1.0,317.0,424.0,0.03,3.0,800.0,35.83862092145595,108,111,476
835,905.0,1.0,1.0,1258.0,424.0,0.05,5.0,400.0,30.586816397287404,138,68,496
644,713.0,1.0,1.0,953.0,424.0,0.05,5.0,400.0,30.60474044797297,138,69,496
318,329.0,1.0,1.0,317.0,424.0,0.05,5.0,400.0,36.26332378690191,138,127,496
504,521.0,1.0,1.0,635.0,424.0,0.05,5.0,400.0,33.81802477646656,138,121,496
110,137.0,1.0,1.0,127.0,424.0,0.05,5.0,400.0,42.28883429002114,138,111,496
853,918.0,1.0,1.0,1258.0,424.0,0.07,2.0,600.0,30.799360118042117,151,86,498
683,726.0,1.0,1.0,953.0,424.0,0.07,2.0,600.0,31.231360553924283,151,108,498
462,534.0,1.0,1.0,635.0,424.0,0.07,2.0,600.0,32.564717587557546,151,79,498
140,150.0,1.0,1.0,127.0,424.0,0.07,2.0,600.0,43.38288455561104,151,141,498
275,342.0,1.0,1.0,317.0,424.0,0.07,2.0,600.0,35.19563231020145,151,84,498
135,127.0,1.0,1.0,127.0,424.0,0.05,2.0,800.0,43.27887575751791,128,136,499
280,319.0,1.0,1.0,317.0,424.0,0.05,2.0,800.0,35.32470349094356,128,89,499
684,703.0,1.0,1.0,953.0,424.0,0.05,2.0,800.0,31.23143994425105,128,109,499
471,511.0,1.0,1.0,635.0,424.0,0.05,2.0,800.0,32.91858490828066,128,88,499
844,895.0,1.0,1.0,1258.0,424.0,0.05,2.0,800.0,30.690571931593123,128,77,499
117,180.0,1.0,1.0,127.0,424.0,0.1,4.0,200.0,42.48025984930323,181,118,508
857,948.0,1.0,1.0,1258.0,424.0,0.1,4.0,200.0,30.90272300365088,181,90,508
485,564.0,1.0,1.0,635.0,424.0,0.1,4.0,200.0,33.33207159842422,181,102,508
661,756.0,1.0,1.0,953.0,424.0,0.1,4.0,200.0,30.822147206493096,181,86,508
303,372.0,1.0,1.0,317.0,424.0,0.1,4.0,200.0,35.8691383143786,181,112,508
270,199.0,1.0,1.0,317.0,424.0,0.003,2.0,800.0,34.965283168969,8,79,512
34,7.0,1.0,1.0,127.0,424.0,0.003,2.0,800.0,40.571955466603626,8,35,512
917,775.0,1.0,1.0,1258.0,424.0,0.003,2.0,800.0,33.42584722491161,8,150,512
727,583.0,1.0,1.0,953.0,424.0,0.003,2.0,800.0,33.00997963090764,8,152,512
479,391.0,1.0,1.0,635.0,424.0,0.003,2.0,800.0,33.08745788219088,8,96,512
852,879.0,1.0,1.0,1258.0,424.0,0.03,4.0,800.0,30.781306083073854,112,85,513
121,111.0,1.0,1.0,127.0,424.0,0.03,4.0,800.0,42.63409747501616,112,122,513
314,303.0,1.0,1.0,317.0,424.0,0.03,4.0,800.0,36.19124663327754,112,123,513
492,495.0,1.0,1.0,635.0,424.0,0.03,4.0,800.0,33.54397335832701,112,109,513
649,687.0,1.0,1.0,953.0,424.0,0.03,4.0,800.0,30.640741370127348,112,74,513
675,717.0,1.0,1.0,953.0,424.0,0.05,6.0,400.0,31.00379612348347,142,100,518
319,333.0,1.0,1.0,317.0,424.0,0.05,6.0,400.0,36.33989248098847,142,128,518
487,525.0,1.0,1.0,635.0,424.0,0.05,6.0,400.0,33.42535382637407,142,104,518
113,141.0,1.0,1.0,127.0,424.0,0.05,6.0,400.0,42.341562601662446,142,114,518
839,909.0,1.0,1.0,1258.0,424.0,0.05,6.0,400.0,30.61619471734359,142,72,518
657,729.0,1.0,1.0,953.0,424.0,0.07,3.0,400.0,30.774545795236502,154,82,525
860,921.0,1.0,1.0,1258.0,424.0,0.07,3.0,400.0,30.91659212746596,154,93,525
130,153.0,1.0,1.0,127.0,424.0,0.07,3.0,400.0,43.03970031252823,154,131,525
484,537.0,1.0,1.0,635.0,424.0,0.07,3.0,400.0,33.23715618055676,154,101,525
309,345.0,1.0,1.0,317.0,424.0,0.07,3.0,400.0,36.12519045990886,154,118,525
118,119.0,1.0,1.0,127.0,424.0,0.03,6.0,800.0,42.6092168007628,120,119,535
842,887.0,1.0,1.0,1258.0,424.0,0.03,6.0,800.0,30.64830313734509,120,75,535
502,503.0,1.0,1.0,635.0,424.0,0.03,6.0,800.0,33.78885430574294,120,119,535
666,695.0,1.0,1.0,953.0,424.0,0.03,6.0,800.0,30.865805152025292,120,91,535
322,311.0,1.0,1.0,317.0,424.0,0.03,6.0,800.0,36.445322371843645,120,131,535
685,749.0,1.0,1.0,953.0,424.0,0.1,2.0,400.0,31.32436234233168,174,110,540
478,557.0,1.0,1.0,635.0,424.0,0.1,2.0,400.0,33.03243296612004,174,95,540
875,941.0,1.0,1.0,1258.0,424.0,0.1,2.0,400.0,31.19776003437292,174,108,540
276,365.0,1.0,1.0,317.0,424.0,0.1,2.0,400.0,35.19564995966204,174,85,540
141,173.0,1.0,1.0,127.0,424.0,0.1,2.0,400.0,43.386601639757856,174,142,540
490,514.0,1.0,1.0,635.0,424.0,0.05,3.0,600.0,33.49891776926018,131,107,545
650,706.0,1.0,1.0,953.0,424.0,0.05,3.0,600.0,30.660608119501628,131,75,545
316,322.0,1.0,1.0,317.0,424.0,0.05,3.0,600.0,36.20910888773944,131,125,545
127,130.0,1.0,1.0,127.0,424.0,0.05,3.0,600.0,42.92751936986793,131,128,545
877,898.0,1.0,1.0,1258.0,424.0,0.05,3.0,600.0,31.20958577235925,131,110,545
847,883.0,1.0,1.0,1258.0,424.0,0.03,5.0,800.0,30.728363251206957,116,80,549
320,307.0,1.0,1.0,317.0,424.0,0.03,5.0,800.0,36.41352878923345,116,129,549
509,499.0,1.0,1.0,635.0,424.0,0.03,5.0,800.0,33.92721352584866,116,126,549
119,115.0,1.0,1.0,127.0,424.0,0.03,5.0,800.0,42.60975135508156,116,120,549
669,691.0,1.0,1.0,953.0,424.0,0.03,5.0,800.0,30.902013777659164,116,94,549
912,852.0,1.0,1.0,1258.0,424.0,0.01,4.0,200.0,32.93006409173108,85,145,550
58,84.0,1.0,1.0,127.0,424.0,0.01,4.0,200.0,41.12040562077232,85,59,550
719,660.0,1.0,1.0,953.0,424.0,0.01,4.0,200.0,32.50608287476748,85,144,550
491,468.0,1.0,1.0,635.0,424.0,0.01,4.0,200.0,33.539627605646075,85,108,550
285,276.0,1.0,1.0,317.0,424.0,0.01,4.0,200.0,35.37203234349629,85,94,550
115,188.0,1.0,1.0,127.0,424.0,0.1,6.0,200.0,42.3967620498781,189,116,552
686,764.0,1.0,1.0,953.0,424.0,0.1,6.0,200.0,31.33040561695188,189,111,552
321,380.0,1.0,1.0,317.0,424.0,0.1,6.0,200.0,36.43743486363715,189,130,552
862,956.0,1.0,1.0,1258.0,424.0,0.1,6.0,200.0,30.948414613582024,189,95,552
483,572.0,1.0,1.0,635.0,424.0,0.1,6.0,200.0,33.1958275746837,189,100,552
914,805.0,1.0,1.0,1258.0,424.0,0.005,4.0,400.0,32.97264902703746,38,147,555
54,37.0,1.0,1.0,127.0,424.0,0.005,4.0,400.0,41.09348100522903,38,55,555
495,421.0,1.0,1.0,635.0,424.0,0.005,4.0,400.0,33.57314918442253,38,112,555
720,613.0,1.0,1.0,953.0,424.0,0.005,4.0,400.0,32.622917257702866,38,145,555
287,229.0,1.0,1.0,317.0,424.0,0.005,4.0,400.0,35.3964266636814,38,96,555
724,617.0,1.0,1.0,953.0,424.0,0.005,5.0,400.0,32.83340776297376,42,149,558
283,233.0,1.0,1.0,317.0,424.0,0.005,5.0,400.0,35.36452113192684,42,92,558
498,425.0,1.0,1.0,635.0,424.0,0.005,5.0,400.0,33.73207565634092,42,115,558
55,41.0,1.0,1.0,127.0,424.0,0.005,5.0,400.0,41.09609956720461,42,56,558
913,809.0,1.0,1.0,1258.0,424.0,0.005,5.0,400.0,32.94038596560106,42,146,558
505,541.0,1.0,1.0,635.0,424.0,0.07,4.0,400.0,33.831994791993345,158,122,559
134,157.0,1.0,1.0,127.0,424.0,0.07,4.0,400.0,43.175824674468544,158,135,559
324,349.0,1.0,1.0,317.0,424.0,0.07,4.0,400.0,36.53807965033123,158,133,559
660,733.0,1.0,1.0,953.0,424.0,0.07,4.0,400.0,30.809374630814386,158,85,559
851,925.0,1.0,1.0,1258.0,424.0,0.07,4.0,400.0,30.757202302971237,158,84,559
278,242.0,1.0,1.0,317.0,424.0,0.007,1.0,600.0,35.270838599405614,51,87,561
919,801.0,1.0,1.0,1258.0,424.0,0.005,3.0,400.0,33.52388505595842,34,152,561
494,417.0,1.0,1.0,635.0,424.0,0.005,3.0,400.0,33.55473915313281,34,111,561
923,818.0,1.0,1.0,1258.0,424.0,0.007,1.0,600.0,34.587560053471414,51,156,561
499,434.0,1.0,1.0,635.0,424.0,0.007,1.0,600.0,33.73385646601324,51,116,561
732,626.0,1.0,1.0,953.0,424.0,0.007,1.0,600.0,34.04617740454708,51,157,561
725,609.0,1.0,1.0,953.0,424.0,0.005,3.0,400.0,32.916331949955364,34,150,561
44,50.0,1.0,1.0,127.0,424.0,0.007,1.0,600.0,40.749509627945805,51,45,561
52,33.0,1.0,1.0,127.0,424.0,0.005,3.0,400.0,41.06879432332741,34,53,561
286,225.0,1.0,1.0,317.0,424.0,0.005,3.0,400.0,35.38309599022809,34,95,561
493,464.0,1.0,1.0,635.0,424.0,0.01,3.0,200.0,33.552848604528066,81,110,562
284,272.0,1.0,1.0,317.0,424.0,0.01,3.0,200.0,35.36837686578087,81,93,562
726,656.0,1.0,1.0,953.0,424.0,0.01,3.0,200.0,32.917085466643215,81,151,562
56,80.0,1.0,1.0,127.0,424.0,0.01,3.0,200.0,41.09633096285389,81,57,562
918,848.0,1.0,1.0,1258.0,424.0,0.01,3.0,200.0,33.49282179809863,81,151,562
497,472.0,1.0,1.0,635.0,424.0,0.01,5.0,200.0,33.711674179512954,89,114,566
911,856.0,1.0,1.0,1258.0,424.0,0.01,5.0,200.0,32.910969591457835,89,144,566
291,280.0,1.0,1.0,317.0,424.0,0.01,5.0,200.0,35.41503169408482,89,100,566
723,664.0,1.0,1.0,953.0,424.0,0.01,5.0,200.0,32.81869195649801,89,148,566
59,88.0,1.0,1.0,127.0,424.0,0.01,5.0,200.0,41.120906158549374,89,60,566
289,237.0,1.0,1.0,317.0,424.0,0.005,6.0,400.0,35.39931848388246,46,98,567
915,813.0,1.0,1.0,1258.0,424.0,0.005,6.0,400.0,33.03258712959022,46,148,567
721,621.0,1.0,1.0,953.0,424.0,0.005,6.0,400.0,32.80120601897703,46,146,567
500,429.0,1.0,1.0,635.0,424.0,0.005,6.0,400.0,33.73705715387292,46,117,567
57,45.0,1.0,1.0,127.0,424.0,0.005,6.0,400.0,41.10470439931744,46,58,567
501,476.0,1.0,1.0,635.0,424.0,0.01,6.0,200.0,33.75672070530235,93,118,574
60,92.0,1.0,1.0,127.0,424.0,0.01,6.0,200.0,41.12625668771327,93,61,574
916,860.0,1.0,1.0,1258.0,424.0,0.01,6.0,200.0,33.04999438049705,93,149,574
290,284.0,1.0,1.0,317.0,424.0,0.01,6.0,200.0,35.4093718401202,93,99,574
722,668.0,1.0,1.0,953.0,424.0,0.01,6.0,200.0,32.8127580170273,93,147,574
323,326.0,1.0,1.0,317.0,424.0,0.05,4.0,600.0,36.53273115806169,135,132,576
129,134.0,1.0,1.0,127.0,424.0,0.05,4.0,600.0,43.03302839742571,135,130,576
871,902.0,1.0,1.0,1258.0,424.0,0.05,4.0,600.0,31.066070761321157,135,104,576
510,518.0,1.0,1.0,635.0,424.0,0.05,4.0,600.0,33.98375357551919,135,127,576
658,710.0,1.0,1.0,953.0,424.0,0.05,4.0,600.0,30.791067915807897,135,83,576
132,165.0,1.0,1.0,127.0,424.0,0.07,6.0,400.0,43.12662614852585,166,133,584
327,357.0,1.0,1.0,317.0,424.0,0.07,6.0,400.0,36.70064162724333,166,136,584
680,741.0,1.0,1.0,953.0,424.0,0.07,6.0,400.0,31.154973590378155,166,105,584
506,549.0,1.0,1.0,635.0,424.0,0.07,6.0,400.0,33.83903773515044,166,123,584
854,933.0,1.0,1.0,1258.0,424.0,0.07,6.0,400.0,30.84366105624311,166,87,584
925,841.0,1.0,1.0,1258.0,424.0,0.01,1.0,400.0,35.012085569072624,74,158,594
41,73.0,1.0,1.0,127.0,424.0,0.01,1.0,400.0,40.67952434606206,74,42,594
514,457.0,1.0,1.0,635.0,424.0,0.01,1.0,400.0,34.095640449278086,74,131,594
296,265.0,1.0,1.0,317.0,424.0,0.01,1.0,400.0,35.56702435891879,74,105,594
733,649.0,1.0,1.0,953.0,424.0,0.01,1.0,400.0,34.466710709762324,74,158,594
515,411.0,1.0,1.0,635.0,424.0,0.005,1.0,800.0,34.11458258152744,28,132,597
926,795.0,1.0,1.0,1258.0,424.0,0.005,1.0,800.0,35.02497866938333,28,159,597
734,603.0,1.0,1.0,953.0,424.0,0.005,1.0,800.0,34.48214051046852,28,159,597
294,219.0,1.0,1.0,317.0,424.0,0.005,1.0,800.0,35.55448817000317,28,103,597
43,27.0,1.0,1.0,127.0,424.0,0.005,1.0,800.0,40.71371284995939,28,44,597
511,545.0,1.0,1.0,635.0,424.0,0.07,5.0,400.0,34.011189466791656,162,128,602
155,151.0,1.0,1.0,127.0,424.0,0.07,2.0,800.0,43.892421738868045,152,156,602
856,929.0,1.0,1.0,1258.0,424.0,0.07,5.0,400.0,30.888933905179908,162,89,602
295,343.0,1.0,1.0,317.0,424.0,0.07,2.0,800.0,35.561206285354096,152,104,602
480,535.0,1.0,1.0,635.0,424.0,0.07,2.0,800.0,33.09774287687042,152,97,602
879,919.0,1.0,1.0,1258.0,424.0,0.07,2.0,800.0,31.2322390935624,152,112,602
708,727.0,1.0,1.0,953.0,424.0,0.07,2.0,800.0,31.752940520130505,152,133,602
133,161.0,1.0,1.0,127.0,424.0,0.07,5.0,400.0,43.171409862483664,162,134,602
688,737.0,1.0,1.0,953.0,424.0,0.07,5.0,400.0,31.34150557102761,162,113,602
329,353.0,1.0,1.0,317.0,424.0,0.07,5.0,400.0,36.7944170777612,162,138,602
690,718.0,1.0,1.0,953.0,424.0,0.05,6.0,600.0,31.350922354918293,143,115,604
330,334.0,1.0,1.0,317.0,424.0,0.05,6.0,600.0,36.881159402059,143,139,604
858,910.0,1.0,1.0,1258.0,424.0,0.05,6.0,600.0,30.90300989291878,143,91,604
513,526.0,1.0,1.0,635.0,424.0,0.05,6.0,600.0,34.08654933689376,143,130,604
128,142.0,1.0,1.0,127.0,424.0,0.05,6.0,600.0,43.02933579284748,143,129,604
671,753.0,1.0,1.0,953.0,424.0,0.1,3.0,400.0,30.934900357444786,178,96,608
312,369.0,1.0,1.0,317.0,424.0,0.1,3.0,400.0,36.1489011767671,178,121,608
887,945.0,1.0,1.0,1258.0,424.0,0.1,3.0,400.0,31.434311230468428,178,120,608
507,561.0,1.0,1.0,635.0,424.0,0.1,3.0,400.0,33.8729222749899,178,124,608
146,177.0,1.0,1.0,127.0,424.0,0.1,3.0,400.0,43.5241786582223,178,147,608
131,138.0,1.0,1.0,127.0,424.0,0.05,5.0,600.0,43.04347602117439,139,132,613
524,522.0,1.0,1.0,635.0,424.0,0.05,5.0,600.0,34.475355377935614,139,141,613
673,714.0,1.0,1.0,953.0,424.0,0.05,5.0,600.0,30.989711547756333,139,98,613
332,330.0,1.0,1.0,317.0,424.0,0.05,5.0,600.0,36.89043974110997,139,141,613
868,906.0,1.0,1.0,1258.0,424.0,0.05,5.0,600.0,31.02902946230676,139,101,613
508,515.0,1.0,1.0,635.0,424.0,0.05,3.0,800.0,33.90715965935321,132,125,623
890,899.0,1.0,1.0,1258.0,424.0,0.05,3.0,800.0,31.48964664227289,132,123,623
142,131.0,1.0,1.0,127.0,424.0,0.05,3.0,800.0,43.40147637097013,132,143,623
672,707.0,1.0,1.0,953.0,424.0,0.05,3.0,800.0,30.937992127025897,132,97,623
326,323.0,1.0,1.0,317.0,424.0,0.05,3.0,800.0,36.6936975562461,132,135,623
345,377.0,1.0,1.0,317.0,424.0,0.1,5.0,400.0,37.55867807213312,186,154,629
525,569.0,1.0,1.0,635.0,424.0,0.1,5.0,400.0,34.48636274169831,186,142,629
150,185.0,1.0,1.0,127.0,424.0,0.1,5.0,400.0,43.68707074987008,186,151,629
848,953.0,1.0,1.0,1258.0,424.0,0.1,5.0,400.0,30.73231203455016,186,81,629
676,761.0,1.0,1.0,953.0,424.0,0.1,5.0,400.0,31.04019691391888,186,101,629
682,730.0,1.0,1.0,953.0,424.0,0.07,3.0,600.0,31.183344672188696,155,107,632
512,538.0,1.0,1.0,635.0,424.0,0.07,3.0,600.0,34.04350071912964,155,129,632
328,346.0,1.0,1.0,317.0,424.0,0.07,3.0,600.0,36.74814591355544,155,137,632
874,922.0,1.0,1.0,1258.0,424.0,0.07,3.0,600.0,31.128694103925003,155,107,632
151,154.0,1.0,1.0,127.0,424.0,0.07,3.0,600.0,43.69598742171718,155,152,632
921,782.0,1.0,1.0,1258.0,424.0,0.003,4.0,600.0,33.97160195597902,15,154,639
307,210.0,1.0,1.0,317.0,424.0,0.003,5.0,600.0,36.10748098317766,19,116,639
76,18.0,1.0,1.0,127.0,424.0,0.003,5.0,600.0,41.54225352747914,19,77,639
77,14.0,1.0,1.0,127.0,424.0,0.003,4.0,600.0,41.54575534701537,15,78,639
517,398.0,1.0,1.0,635.0,424.0,0.003,4.0,600.0,34.23386640774552,15,134,639
311,206.0,1.0,1.0,317.0,424.0,0.003,4.0,600.0,36.14810831479403,15,120,639
521,402.0,1.0,1.0,635.0,424.0,0.003,5.0,600.0,34.41262726216254,19,138,639
728,590.0,1.0,1.0,953.0,424.0,0.003,4.0,600.0,33.514051880605905,15,153,639
920,786.0,1.0,1.0,1258.0,424.0,0.003,5.0,600.0,33.875900344194015,19,153,639
730,594.0,1.0,1.0,953.0,424.0,0.003,5.0,600.0,33.7353885151333,19,155,639
527,542.0,1.0,1.0,635.0,424.0,0.07,4.0,600.0,34.52225865232082,159,144,644
681,734.0,1.0,1.0,953.0,424.0,0.07,4.0,600.0,31.159299857601518,159,106,644
335,350.0,1.0,1.0,317.0,424.0,0.07,4.0,600.0,37.10657876280267,159,144,644
863,926.0,1.0,1.0,1258.0,424.0,0.07,4.0,600.0,30.948687171372278,159,96,644
153,158.0,1.0,1.0,127.0,424.0,0.07,4.0,600.0,43.806881443485885,159,154,644
922,790.0,1.0,1.0,1258.0,424.0,0.003,6.0,600.0,33.995356677699064,23,155,645
523,406.0,1.0,1.0,635.0,424.0,0.003,6.0,600.0,34.43383808404072,23,140,645
530,519.0,1.0,1.0,635.0,424.0,0.05,4.0,800.0,34.5469382853966,136,147,645
876,903.0,1.0,1.0,1258.0,424.0,0.05,4.0,800.0,31.202935892682643,136,109,645
308,214.0,1.0,1.0,317.0,424.0,0.003,6.0,600.0,36.11697572930792,23,117,645
333,327.0,1.0,1.0,317.0,424.0,0.05,4.0,800.0,36.995370599116,136,142,645
677,711.0,1.0,1.0,953.0,424.0,0.05,4.0,800.0,31.08602310243378,136,102,645
78,22.0,1.0,1.0,127.0,424.0,0.003,6.0,600.0,41.55024202803344,23,79,645
144,135.0,1.0,1.0,127.0,424.0,0.05,4.0,800.0,43.48090662333068,136,145,645
729,598.0,1.0,1.0,953.0,424.0,0.003,6.0,600.0,33.68433987434692,23,154,645
503,558.0,1.0,1.0,635.0,424.0,0.1,2.0,600.0,33.79607128528391,175,120,648
158,174.0,1.0,1.0,127.0,424.0,0.1,2.0,600.0,43.9762190965115,175,159,648
298,366.0,1.0,1.0,317.0,424.0,0.1,2.0,600.0,35.67835741275697,175,107,648
894,942.0,1.0,1.0,1258.0,424.0,0.1,2.0,600.0,31.65669368638236,175,127,648
710,750.0,1.0,1.0,953.0,424.0,0.1,2.0,600.0,31.79503189242611,175,135,648
927,844.0,1.0,1.0,1258.0,424.0,0.01,2.0,200.0,35.05021151298597,77,160,653
64,76.0,1.0,1.0,127.0,424.0,0.01,2.0,200.0,41.15094320801624,77,65,653
313,268.0,1.0,1.0,317.0,424.0,0.01,2.0,200.0,36.18860324384544,77,122,653
735,652.0,1.0,1.0,953.0,424.0,0.01,2.0,200.0,34.60554851939835,77,160,653
529,460.0,1.0,1.0,635.0,424.0,0.01,2.0,200.0,34.5447245163311,77,146,653
924,778.0,1.0,1.0,1258.0,424.0,0.003,3.0,600.0,34.598797548721855,11,157,654
80,10.0,1.0,1.0,127.0,424.0,0.003,3.0,600.0,41.554442145429,11,81,654
731,586.0,1.0,1.0,953.0,424.0,0.003,3.0,600.0,33.93984182572141,11,156,654
519,394.0,1.0,1.0,635.0,424.0,0.003,3.0,600.0,34.383558533965164,11,136,654
315,202.0,1.0,1.0,317.0,424.0,0.003,3.0,600.0,36.208208559476624,11,124,654
63,29.0,1.0,1.0,127.0,424.0,0.005,2.0,400.0,41.13458762575715,30,64,660
736,605.0,1.0,1.0,953.0,424.0,0.005,2.0,400.0,34.62790240734314,30,161,660
531,413.0,1.0,1.0,635.0,424.0,0.005,2.0,400.0,34.55774421010997,30,148,660
317,221.0,1.0,1.0,317.0,424.0,0.005,2.0,400.0,36.21322139797972,30,126,660
928,797.0,1.0,1.0,1258.0,424.0,0.005,2.0,400.0,35.0605806486467,30,161,660
340,335.0,1.0,1.0,317.0,424.0,0.05,6.0,800.0,37.29234047350632,144,149,669
147,143.0,1.0,1.0,127.0,424.0,0.05,6.0,800.0,43.53986791596306,144,148,669
522,527.0,1.0,1.0,635.0,424.0,0.05,6.0,800.0,34.427324218031295,144,139,669
878,911.0,1.0,1.0,1258.0,424.0,0.05,6.0,800.0,31.22058767922261,144,111,669
697,719.0,1.0,1.0,953.0,424.0,0.05,6.0,800.0,31.58842049394971,144,122,669
154,166.0,1.0,1.0,127.0,424.0,0.07,6.0,600.0,43.81757104886739,167,155,673
881,934.0,1.0,1.0,1258.0,424.0,0.07,6.0,600.0,31.261150902048872,167,114,673
338,358.0,1.0,1.0,317.0,424.0,0.07,6.0,600.0,37.25901594207354,167,147,673
695,742.0,1.0,1.0,953.0,424.0,0.07,6.0,600.0,31.543549284765437,167,120,673
520,550.0,1.0,1.0,635.0,424.0,0.07,6.0,600.0,34.39082255473215,167,137,673
334,373.0,1.0,1.0,317.0,424.0,0.1,4.0,400.0,37.06628223316672,182,143,678
889,949.0,1.0,1.0,1258.0,424.0,0.1,4.0,400.0,31.487561734752525,182,122,678
528,565.0,1.0,1.0,635.0,424.0,0.1,4.0,400.0,34.52475613546276,182,145,678
694,757.0,1.0,1.0,953.0,424.0,0.1,4.0,400.0,31.5374823939298,182,119,678
148,181.0,1.0,1.0,127.0,424.0,0.1,4.0,400.0,43.583672203013926,182,149,678
687,715.0,1.0,1.0,953.0,424.0,0.05,5.0,800.0,31.34148899845467,140,112,679
145,189.0,1.0,1.0,127.0,424.0,0.1,6.0,400.0,43.51949533514073,190,146,679
538,523.0,1.0,1.0,635.0,424.0,0.05,5.0,800.0,35.00652646655922,140,155,679
341,381.0,1.0,1.0,317.0,424.0,0.1,6.0,400.0,37.30736841518493,190,150,679
143,139.0,1.0,1.0,127.0,424.0,0.05,5.0,800.0,43.472579850516496,140,144,679
893,957.0,1.0,1.0,1258.0,424.0,0.1,6.0,400.0,31.54168731754512,190,126,679
884,907.0,1.0,1.0,1258.0,424.0,0.05,5.0,800.0,31.329595359111373,140,117,679
516,573.0,1.0,1.0,635.0,424.0,0.1,6.0,400.0,34.173438230715405,190,133,679
342,331.0,1.0,1.0,317.0,424.0,0.05,5.0,800.0,37.312470230287055,140,151,679
699,765.0,1.0,1.0,953.0,424.0,0.1,6.0,400.0,31.668666029027037,190,124,679
157,178.0,1.0,1.0,127.0,424.0,0.1,3.0,600.0,43.97614641257917,179,158,691
526,562.0,1.0,1.0,635.0,424.0,0.1,3.0,600.0,34.50877054372438,179,143,691
331,370.0,1.0,1.0,317.0,424.0,0.1,3.0,600.0,36.88726871720522,179,140,691
901,946.0,1.0,1.0,1258.0,424.0,0.1,3.0,600.0,31.93643112039955,179,134,691
691,754.0,1.0,1.0,953.0,424.0,0.1,3.0,600.0,31.357470891384725,179,116,691
689,762.0,1.0,1.0,953.0,424.0,0.1,5.0,600.0,31.34795426207443,187,114,699
352,378.0,1.0,1.0,317.0,424.0,0.1,5.0,600.0,38.04844907789904,187,161,699
869,954.0,1.0,1.0,1258.0,424.0,0.1,5.0,600.0,31.045566958281565,187,102,699
542,570.0,1.0,1.0,635.0,424.0,0.1,5.0,600.0,35.177547885766245,187,159,699
162,186.0,1.0,1.0,127.0,424.0,0.1,5.0,600.0,44.07217289568656,187,163,699
339,354.0,1.0,1.0,317.0,424.0,0.07,5.0,600.0,37.28180492637558,163,148,700
705,738.0,1.0,1.0,953.0,424.0,0.07,5.0,600.0,31.732062628637685,163,130,700
886,930.0,1.0,1.0,1258.0,424.0,0.07,5.0,600.0,31.3633115096651,163,119,700
533,546.0,1.0,1.0,635.0,424.0,0.07,5.0,600.0,34.68178684741373,163,150,700
152,162.0,1.0,1.0,127.0,424.0,0.07,5.0,600.0,43.79133359639432,163,153,700
692,735.0,1.0,1.0,953.0,424.0,0.07,4.0,800.0,31.471247041948207,160,117,705
882,927.0,1.0,1.0,1258.0,424.0,0.07,4.0,800.0,31.265515842601083,160,115,705
344,351.0,1.0,1.0,317.0,424.0,0.07,4.0,800.0,37.54435663357002,160,153,705
537,543.0,1.0,1.0,635.0,424.0,0.07,4.0,800.0,34.99660647860893,160,154,705
165,159.0,1.0,1.0,127.0,424.0,0.07,4.0,800.0,44.13720724320376,160,166,705
310,367.0,1.0,1.0,317.0,424.0,0.1,2.0,800.0,36.12765994492622,176,119,707
718,751.0,1.0,1.0,953.0,424.0,0.1,2.0,800.0,32.280857261036935,176,143,707
518,559.0,1.0,1.0,635.0,424.0,0.1,2.0,800.0,34.377586465132914,176,135,707
532,539.0,1.0,1.0,635.0,424.0,0.07,3.0,800.0,34.56842550895713,156,149,707
337,347.0,1.0,1.0,317.0,424.0,0.07,3.0,800.0,37.20479046709958,156,146,707
909,943.0,1.0,1.0,1258.0,424.0,0.1,2.0,800.0,32.32937444101287,176,142,707
163,155.0,1.0,1.0,127.0,424.0,0.07,3.0,800.0,44.10875202471488,156,164,707
892,923.0,1.0,1.0,1258.0,424.0,0.07,3.0,800.0,31.541664743920247,156,125,707
698,731.0,1.0,1.0,953.0,424.0,0.07,3.0,800.0,31.630183014615444,156,123,707
167,175.0,1.0,1.0,127.0,424.0,0.1,2.0,800.0,44.31883662201997,176,168,707
87,6.0,1.0,1.0,127.0,424.0,0.003,2.0,600.0,41.67631169207012,7,88,719
929,774.0,1.0,1.0,1258.0,424.0,0.003,2.0,600.0,36.2443965376787,7,162,719
737,582.0,1.0,1.0,953.0,424.0,0.003,2.0,600.0,35.78264989754115,7,162,719
336,198.0,1.0,1.0,317.0,424.0,0.003,2.0,600.0,37.17160282292417,7,145,719
545,390.0,1.0,1.0,635.0,424.0,0.003,2.0,600.0,35.69339908931891,7,162,719
742,602.0,1.0,1.0,953.0,424.0,0.005,1.0,600.0,37.53989635661769,27,167,724
547,410.0,1.0,1.0,635.0,424.0,0.005,1.0,600.0,36.98209245035341,27,164,724
67,26.0,1.0,1.0,127.0,424.0,0.005,1.0,600.0,41.22262554247001,27,68,724
934,794.0,1.0,1.0,1258.0,424.0,0.005,1.0,600.0,38.17768164185912,27,167,724
349,218.0,1.0,1.0,317.0,424.0,0.005,1.0,600.0,37.761101062851154,27,158,724
164,167.0,1.0,1.0,127.0,424.0,0.07,6.0,800.0,44.13182029793407,168,165,727
348,359.0,1.0,1.0,317.0,424.0,0.07,6.0,800.0,37.63329968142977,168,157,727
707,743.0,1.0,1.0,953.0,424.0,0.07,6.0,800.0,31.750716516732258,168,132,727
535,551.0,1.0,1.0,635.0,424.0,0.07,6.0,800.0,34.75089118987572,168,152,727
888,935.0,1.0,1.0,1258.0,424.0,0.07,6.0,800.0,31.446160624083777,168,121,727
885,955.0,1.0,1.0,1258.0,424.0,0.1,5.0,800.0,31.347493095975096,188,118,731
544,571.0,1.0,1.0,635.0,424.0,0.1,5.0,800.0,35.553250655059976,188,161,731
170,187.0,1.0,1.0,127.0,424.0,0.1,5.0,800.0,44.52662945247201,188,171,731
354,379.0,1.0,1.0,317.0,424.0,0.1,5.0,800.0,38.42690781310837,188,163,731
693,763.0,1.0,1.0,953.0,424.0,0.1,5.0,800.0,31.51473284089503,188,118,731
350,382.0,1.0,1.0,317.0,424.0,0.1,6.0,600.0,37.83280699823663,191,159,736
711,766.0,1.0,1.0,953.0,424.0,0.1,6.0,600.0,31.88440545261922,191,136,736
534,574.0,1.0,1.0,635.0,424.0,0.1,6.0,600.0,34.69316291660532,191,151,736
895,958.0,1.0,1.0,1258.0,424.0,0.1,6.0,600.0,31.78557652895397,191,128,736
161,190.0,1.0,1.0,127.0,424.0,0.1,6.0,600.0,44.0588380535011,191,162,736
166,163.0,1.0,1.0,127.0,424.0,0.07,5.0,800.0,44.163672028622,164,167,740
712,739.0,1.0,1.0,953.0,424.0,0.07,5.0,800.0,31.96786228520329,164,137,740
539,547.0,1.0,1.0,635.0,424.0,0.07,5.0,800.0,35.01358530172984,164,156,740
891,931.0,1.0,1.0,1258.0,424.0,0.07,5.0,800.0,31.49963981625461,164,124,740
347,355.0,1.0,1.0,317.0,424.0,0.07,5.0,800.0,37.62926397015692,164,156,740
160,182.0,1.0,1.0,127.0,424.0,0.1,4.0,600.0,44.04567403139645,183,161,745
907,947.0,1.0,1.0,1258.0,424.0,0.1,3.0,800.0,32.18629073897911,180,140,745
900,950.0,1.0,1.0,1258.0,424.0,0.1,4.0,600.0,31.92973916700893,183,133,745
346,374.0,1.0,1.0,317.0,424.0,0.1,4.0,600.0,37.57642420555227,183,155,745
343,371.0,1.0,1.0,317.0,424.0,0.1,3.0,800.0,37.46482300152038,180,152,745
713,758.0,1.0,1.0,953.0,424.0,0.1,4.0,600.0,31.96975038487953,183,138,745
541,566.0,1.0,1.0,635.0,424.0,0.1,4.0,600.0,35.16698182285536,183,158,745
540,563.0,1.0,1.0,635.0,424.0,0.1,3.0,800.0,35.113193592420764,180,157,745
702,755.0,1.0,1.0,953.0,424.0,0.1,3.0,800.0,31.723555290740443,180,127,745
168,179.0,1.0,1.0,127.0,424.0,0.1,3.0,800.0,44.382903399437424,180,169,745
743,625.0,1.0,1.0,953.0,424.0,0.007,1.0,400.0,38.38629195596162,50,168,748
355,241.0,1.0,1.0,317.0,424.0,0.007,1.0,400.0,38.45114711099978,50,164,748
551,433.0,1.0,1.0,635.0,424.0,0.007,1.0,400.0,37.792247107600566,50,168,748
79,49.0,1.0,1.0,127.0,424.0,0.007,1.0,400.0,41.55243821224102,50,80,748
935,817.0,1.0,1.0,1258.0,424.0,0.007,1.0,400.0,39.03661106977162,50,168,748
716,767.0,1.0,1.0,953.0,424.0,0.1,6.0,800.0,32.12194397267052,192,141,761
353,383.0,1.0,1.0,317.0,424.0,0.1,6.0,800.0,38.16784944880946,192,162,761
902,959.0,1.0,1.0,1258.0,424.0,0.1,6.0,800.0,31.9916427612864,192,135,761
536,575.0,1.0,1.0,635.0,424.0,0.1,6.0,800.0,34.96201615977214,192,153,761
169,191.0,1.0,1.0,127.0,424.0,0.1,6.0,800.0,44.408384258612585,192,170,761
717,759.0,1.0,1.0,953.0,424.0,0.1,4.0,800.0,32.280786762222064,184,142,773
906,951.0,1.0,1.0,1258.0,424.0,0.1,4.0,800.0,32.18574119756534,184,139,773
171,183.0,1.0,1.0,127.0,424.0,0.1,4.0,800.0,44.53255680191885,184,172,773
543,567.0,1.0,1.0,635.0,424.0,0.1,4.0,800.0,35.548833299730454,184,160,773
351,375.0,1.0,1.0,317.0,424.0,0.1,4.0,800.0,38.01533601587987,184,160,773
738,636.0,1.0,1.0,953.0,424.0,0.007,4.0,200.0,36.44350171715098,61,163,796
546,444.0,1.0,1.0,635.0,424.0,0.007,4.0,200.0,36.92225323996305,61,163,796
358,252.0,1.0,1.0,317.0,424.0,0.007,4.0,200.0,38.71984809926636,61,167,796
932,828.0,1.0,1.0,1258.0,424.0,0.007,4.0,200.0,37.0971158078593,61,165,796
137,60.0,1.0,1.0,127.0,424.0,0.007,4.0,200.0,43.28728969621667,61,138,796
356,256.0,1.0,1.0,317.0,424.0,0.007,5.0,200.0,38.67159211287812,65,165,798
548,448.0,1.0,1.0,635.0,424.0,0.007,5.0,200.0,37.0470419682466,65,165,798
139,64.0,1.0,1.0,127.0,424.0,0.007,5.0,200.0,43.298333804879256,65,140,798
930,832.0,1.0,1.0,1258.0,424.0,0.007,5.0,200.0,36.83707014168852,65,163,798
740,640.0,1.0,1.0,953.0,424.0,0.007,5.0,200.0,36.567124414698725,65,165,798
739,644.0,1.0,1.0,953.0,424.0,0.007,6.0,200.0,36.515337525970565,69,164,799
549,452.0,1.0,1.0,635.0,424.0,0.007,6.0,200.0,37.07644995840671,69,166,799
357,260.0,1.0,1.0,317.0,424.0,0.007,6.0,200.0,38.67560875666165,69,166,799
931,836.0,1.0,1.0,1258.0,424.0,0.007,6.0,200.0,36.89516517488238,69,164,799
138,68.0,1.0,1.0,127.0,424.0,0.007,6.0,200.0,43.29768751955981,69,139,799
359,248.0,1.0,1.0,317.0,424.0,0.007,3.0,200.0,38.92436879574976,57,168,804
933,824.0,1.0,1.0,1258.0,424.0,0.007,3.0,200.0,37.78818820437435,57,166,804
741,632.0,1.0,1.0,953.0,424.0,0.007,3.0,200.0,37.05713699005758,57,166,804
550,440.0,1.0,1.0,635.0,424.0,0.007,3.0,200.0,37.23334775382792,57,167,804
136,56.0,1.0,1.0,127.0,424.0,0.007,3.0,200.0,43.28241842396403,57,137,804
749,579.0,1.0,1.0,953.0,424.0,0.003,1.0,800.0,40.46687218113375,4,174,809
557,387.0,1.0,1.0,635.0,424.0,0.003,1.0,800.0,39.84959846934342,4,174,809
361,195.0,1.0,1.0,317.0,424.0,0.003,1.0,800.0,40.161913086717725,4,170,809
116,3.0,1.0,1.0,127.0,424.0,0.003,1.0,800.0,42.456187798941215,4,117,809
941,771.0,1.0,1.0,1258.0,424.0,0.003,1.0,800.0,41.13028231187608,4,174,809
149,52.0,1.0,1.0,127.0,424.0,0.007,2.0,200.0,43.67127876602832,53,150,832
360,244.0,1.0,1.0,317.0,424.0,0.007,2.0,200.0,40.14307544941828,53,169,832
552,436.0,1.0,1.0,635.0,424.0,0.007,2.0,200.0,38.89269227732005,53,169,832
939,820.0,1.0,1.0,1258.0,424.0,0.007,2.0,200.0,39.67377496646635,53,172,832
747,628.0,1.0,1.0,953.0,424.0,0.007,2.0,200.0,39.148825047234375,53,172,832
744,597.0,1.0,1.0,953.0,424.0,0.003,6.0,400.0,38.75540728059711,22,169,857
937,789.0,1.0,1.0,1258.0,424.0,0.003,6.0,400.0,39.243695268105945,22,170,857
362,213.0,1.0,1.0,317.0,424.0,0.003,6.0,400.0,40.77158700485238,22,171,857
174,21.0,1.0,1.0,127.0,424.0,0.003,6.0,400.0,44.85162490309321,22,175,857
555,405.0,1.0,1.0,635.0,424.0,0.003,6.0,400.0,39.354398036198056,22,172,857
172,13.0,1.0,1.0,127.0,424.0,0.003,4.0,400.0,44.84627560118479,14,173,858
364,205.0,1.0,1.0,317.0,424.0,0.003,4.0,400.0,40.812149341132375,14,173,858
363,209.0,1.0,1.0,317.0,424.0,0.003,5.0,400.0,40.77272203556026,18,172,858
554,401.0,1.0,1.0,635.0,424.0,0.003,5.0,400.0,39.32764547597185,18,171,858
553,397.0,1.0,1.0,635.0,424.0,0.003,4.0,400.0,39.17861953941388,14,170,858
746,589.0,1.0,1.0,953.0,424.0,0.003,4.0,400.0,38.91351148207997,14,171,858
745,593.0,1.0,1.0,953.0,424.0,0.003,5.0,400.0,38.85176184542714,18,170,858
175,17.0,1.0,1.0,127.0,424.0,0.003,5.0,400.0,44.85218538772936,18,176,858
936,785.0,1.0,1.0,1258.0,424.0,0.003,5.0,400.0,39.196258114551576,18,169,858
938,781.0,1.0,1.0,1258.0,424.0,0.003,4.0,400.0,39.47603553079381,14,171,858
556,393.0,1.0,1.0,635.0,424.0,0.003,3.0,400.0,39.52500178903072,10,173,867
940,777.0,1.0,1.0,1258.0,424.0,0.003,3.0,400.0,40.214481208077885,10,173,867
365,201.0,1.0,1.0,317.0,424.0,0.003,3.0,400.0,41.10693549126946,10,174,867
173,9.0,1.0,1.0,127.0,424.0,0.003,3.0,400.0,44.84941339132055,10,174,867
748,585.0,1.0,1.0,953.0,424.0,0.003,3.0,400.0,39.43693407924136,10,173,867
947,840.0,1.0,1.0,1258.0,424.0,0.01,1.0,200.0,43.68337878108632,73,180,872
562,456.0,1.0,1.0,635.0,424.0,0.01,1.0,200.0,42.45461651433383,73,179,872
755,648.0,1.0,1.0,953.0,424.0,0.01,1.0,200.0,43.03045479845189,73,180,872
156,72.0,1.0,1.0,127.0,424.0,0.01,1.0,200.0,43.969312290915646,73,157,872
367,264.0,1.0,1.0,317.0,424.0,0.01,1.0,200.0,42.4547742334472,73,176,872
750,581.0,1.0,1.0,953.0,424.0,0.003,2.0,400.0,41.591103749433465,6,175,878
177,5.0,1.0,1.0,127.0,424.0,0.003,2.0,400.0,45.42452908946816,6,178,878
366,197.0,1.0,1.0,317.0,424.0,0.003,2.0,400.0,42.39896622972631,6,175,878
558,389.0,1.0,1.0,635.0,424.0,0.003,2.0,400.0,41.33806007312794,6,175,878
942,773.0,1.0,1.0,1258.0,424.0,0.003,2.0,400.0,42.126603886008745,6,175,878
563,409.0,1.0,1.0,635.0,424.0,0.005,1.0,400.0,42.500382850863,26,180,879
756,601.0,1.0,1.0,953.0,424.0,0.005,1.0,400.0,43.04558890362486,26,181,879
948,793.0,1.0,1.0,1258.0,424.0,0.005,1.0,400.0,43.70913488533109,26,181,879
368,217.0,1.0,1.0,317.0,424.0,0.005,1.0,400.0,42.46648449893338,26,177,879
159,25.0,1.0,1.0,127.0,424.0,0.005,1.0,400.0,43.99543219662216,26,160,879
752,616.0,1.0,1.0,953.0,424.0,0.005,5.0,200.0,41.9027825782126,41,177,889
560,424.0,1.0,1.0,635.0,424.0,0.005,5.0,200.0,42.382597781934216,41,177,889
180,40.0,1.0,1.0,127.0,424.0,0.005,5.0,200.0,47.1857279659647,41,181,889
369,232.0,1.0,1.0,317.0,424.0,0.005,5.0,200.0,43.586013359421344,41,178,889
943,808.0,1.0,1.0,1258.0,424.0,0.005,5.0,200.0,42.342542803269765,41,176,889
371,228.0,1.0,1.0,317.0,424.0,0.005,4.0,200.0,43.60646316355825,37,180,891
559,420.0,1.0,1.0,635.0,424.0,0.005,4.0,200.0,42.25493136590147,37,176,891
753,612.0,1.0,1.0,953.0,424.0,0.005,4.0,200.0,42.06547539072382,37,178,891
945,804.0,1.0,1.0,1258.0,424.0,0.005,4.0,200.0,42.56903298954861,37,178,891
178,36.0,1.0,1.0,127.0,424.0,0.005,4.0,200.0,47.17844988332435,37,179,891
944,812.0,1.0,1.0,1258.0,424.0,0.005,6.0,200.0,42.34425438815664,45,177,892
751,620.0,1.0,1.0,953.0,424.0,0.005,6.0,200.0,41.7511017113822,45,176,892
370,236.0,1.0,1.0,317.0,424.0,0.005,6.0,200.0,43.59078366109596,45,179,892
181,44.0,1.0,1.0,127.0,424.0,0.005,6.0,200.0,47.19262418262714,45,182,892
561,428.0,1.0,1.0,635.0,424.0,0.005,6.0,200.0,42.41401081898327,45,178,892
179,32.0,1.0,1.0,127.0,424.0,0.005,3.0,200.0,47.18559703568247,33,180,901
754,608.0,1.0,1.0,953.0,424.0,0.005,3.0,200.0,42.43933691043016,33,179,901
564,416.0,1.0,1.0,635.0,424.0,0.005,3.0,200.0,42.64399798003272,33,181,901
373,224.0,1.0,1.0,317.0,424.0,0.005,3.0,200.0,43.945298909283295,33,182,901
946,800.0,1.0,1.0,1258.0,424.0,0.005,3.0,200.0,43.29344300913505,33,179,901
372,194.0,1.0,1.0,317.0,424.0,0.003,1.0,600.0,43.92988342495964,3,181,906
758,578.0,1.0,1.0,953.0,424.0,0.003,1.0,600.0,44.6607469661197,3,183,906
565,386.0,1.0,1.0,635.0,424.0,0.003,1.0,600.0,44.14605723707537,3,182,906
950,770.0,1.0,1.0,1258.0,424.0,0.003,1.0,600.0,45.28867560382854,3,183,906
176,2.0,1.0,1.0,127.0,424.0,0.003,1.0,600.0,45.11935181226704,3,177,906
182,28.0,1.0,1.0,127.0,424.0,0.005,2.0,200.0,47.768624845773125,29,183,913
949,796.0,1.0,1.0,1258.0,424.0,0.005,2.0,200.0,45.22185374570769,29,182,913
757,604.0,1.0,1.0,953.0,424.0,0.005,2.0,200.0,44.62878315228503,29,182,913
566,412.0,1.0,1.0,635.0,424.0,0.005,2.0,200.0,44.46844779066876,29,183,913
374,220.0,1.0,1.0,317.0,424.0,0.005,2.0,200.0,45.303205955333326,29,183,913
567,432.0,1.0,1.0,635.0,424.0,0.007,1.0,200.0,48.15317394498035,49,184,920
951,816.0,1.0,1.0,1258.0,424.0,0.007,1.0,200.0,49.10216446251443,49,184,920
375,240.0,1.0,1.0,317.0,424.0,0.007,1.0,200.0,47.66423673593831,49,184,920
759,624.0,1.0,1.0,953.0,424.0,0.007,1.0,200.0,48.55676263450364,49,184,920
183,48.0,1.0,1.0,127.0,424.0,0.007,1.0,200.0,48.19530950150852,49,184,920
184,1.0,1.0,1.0,127.0,424.0,0.003,1.0,400.0,50.312396129512805,2,185,925
760,577.0,1.0,1.0,953.0,424.0,0.003,1.0,400.0,51.021927908553295,2,185,925
376,193.0,1.0,1.0,317.0,424.0,0.003,1.0,400.0,50.04148571134756,2,185,925
952,769.0,1.0,1.0,1258.0,424.0,0.003,1.0,400.0,51.49571759721704,2,185,925
568,385.0,1.0,1.0,635.0,424.0,0.003,1.0,400.0,50.68106331890665,2,185,925
761,596.0,1.0,1.0,953.0,424.0,0.003,6.0,200.0,51.31442596485317,21,186,935
571,400.0,1.0,1.0,635.0,424.0,0.003,5.0,200.0,51.95091028820734,17,188,935
954,784.0,1.0,1.0,1258.0,424.0,0.003,5.0,200.0,51.783778461070725,17,187,935
953,788.0,1.0,1.0,1258.0,424.0,0.003,6.0,200.0,51.62414964498228,21,186,935
186,16.0,1.0,1.0,127.0,424.0,0.003,5.0,200.0,55.05396930401546,17,187,935
188,20.0,1.0,1.0,127.0,424.0,0.003,6.0,200.0,55.06091572778153,21,189,935
378,212.0,1.0,1.0,317.0,424.0,0.003,6.0,200.0,52.44984397913144,21,187,935
377,208.0,1.0,1.0,317.0,424.0,0.003,5.0,200.0,52.44243268798836,17,186,935
570,404.0,1.0,1.0,635.0,424.0,0.003,6.0,200.0,51.93017919777506,21,187,935
762,592.0,1.0,1.0,953.0,424.0,0.003,5.0,200.0,51.43060526203672,17,187,935
569,396.0,1.0,1.0,635.0,424.0,0.003,4.0,200.0,51.89466027332574,13,186,940
763,588.0,1.0,1.0,953.0,424.0,0.003,4.0,200.0,51.64927995848782,13,188,940
955,780.0,1.0,1.0,1258.0,424.0,0.003,4.0,200.0,52.06592638678524,13,188,940
189,12.0,1.0,1.0,127.0,424.0,0.003,4.0,200.0,55.06375499402008,13,190,940
379,204.0,1.0,1.0,317.0,424.0,0.003,4.0,200.0,52.46802012509357,13,188,940
187,8.0,1.0,1.0,127.0,424.0,0.003,3.0,200.0,55.05823778337932,9,188,944
764,584.0,1.0,1.0,953.0,424.0,0.003,3.0,200.0,51.84220501103517,9,189,944
956,776.0,1.0,1.0,1258.0,424.0,0.003,3.0,200.0,52.45738324501016,9,189,944
572,392.0,1.0,1.0,635.0,424.0,0.003,3.0,200.0,52.14262893141296,9,189,944
380,200.0,1.0,1.0,317.0,424.0,0.003,3.0,200.0,52.7687630856765,9,189,944
766,600.0,1.0,1.0,953.0,424.0,0.005,1.0,200.0,53.78536425120999,25,191,948
381,216.0,1.0,1.0,317.0,424.0,0.005,1.0,200.0,52.82637563596244,25,190,948
185,24.0,1.0,1.0,127.0,424.0,0.005,1.0,200.0,52.907943736427015,25,186,948
574,408.0,1.0,1.0,635.0,424.0,0.005,1.0,200.0,53.49963316161249,25,191,948
957,792.0,1.0,1.0,1258.0,424.0,0.005,1.0,200.0,54.20190151257268,25,190,948
765,580.0,1.0,1.0,953.0,424.0,0.003,2.0,200.0,53.68795123027639,5,190,953
958,772.0,1.0,1.0,1258.0,424.0,0.003,2.0,200.0,54.22218703083394,5,191,953
573,388.0,1.0,1.0,635.0,424.0,0.003,2.0,200.0,53.468832009421725,5,190,953
382,196.0,1.0,1.0,317.0,424.0,0.003,2.0,200.0,53.92425310377156,5,191,953
190,4.0,1.0,1.0,127.0,424.0,0.003,2.0,200.0,55.5403074478043,5,191,953
959,768.0,1.0,1.0,1258.0,424.0,0.003,1.0,200.0,61.061057693134686,1,192,960
383,192.0,1.0,1.0,317.0,424.0,0.003,1.0,200.0,60.15240915714035,1,192,960
767,576.0,1.0,1.0,953.0,424.0,0.003,1.0,200.0,60.78935245922859,1,192,960
575,384.0,1.0,1.0,635.0,424.0,0.003,1.0,200.0,60.51651551257825,1,192,960
191,0.0,1.0,1.0,127.0,424.0,0.003,1.0,200.0,60.0122895520515,1,192,960
